partNumber,refId,bucketName,fileUuid,status
1,2024-FC-EROLLGEN-S04-141-FinalRoll-Revision2-HIN-1-WI.pdf,tcsecidels3arc-eroll-s04-bihar,v3/2024/Revision2/EROLLGEN/S04/WP/141/p-1_b6aac158-10d6-48f3-85c2-d82a57bd1a0b.pdf,OK
2,2024-FC-EROLLGEN-S04-141-FinalRoll-Revision2-HIN-2-WI.pdf,tcsecidels3arc-eroll-s04-bihar,v3/2024/Revision2/EROLLGEN/S04/WP/141/p-2_2c2621c2-39e3-41ee-a2b7-e5bf68bab33e.pdf,OK
3,2024-FC-EROLLGEN-S04-141-FinalRoll-Revision2-HIN-3-WI.pdf,tcsecidels3arc-eroll-s04-bihar,v3/2024/Revision2/EROLLGEN/S04/WP/141/p-3_84fb0c12-32a4-4e5d-9ab6-49aa5816fa4d.pdf,OK
4,2024-FC-EROLLGEN-S04-141-FinalRoll-Revision2-HIN-4-WI.pdf,tcsecidels3arc-eroll-s04-bihar,v3/2024/Revision2/EROLLGEN/S04/WP/141/p-4_2cea7afb-ca26-457c-8ae1-60f9dc72d5a5.pdf,OK
5,2024-FC-EROLLGEN-S04-141-FinalRoll-Revision2-HIN-5-WI.pdf,tcsecidels3arc-eroll-s04-bihar,v3/2024/Revision2/EROLLGEN/S04/WP/141/p-5_6d94140c-e2d1-477a-826f-f4c7036f059a.pdf,OK
6,2024-FC-EROLLGEN-S04-141-FinalRoll-Revision2-HIN-6-WI.pdf,tcsecidels3arc-eroll-s04-bihar,v3/2024/Revision2/EROLLGEN/S04/WP/141/p-6_143e93c7-fafc-4f46-b6b8-fdfddeeaaebf.pdf,OK
7,2024-FC-EROLLGEN-S04-141-FinalRoll-Revision2-HIN-7-WI.pdf,tcsecidels3arc-eroll-s04-bihar,v3/2024/Revision2/EROLLGEN/S04/WP/141/p-7_84913ae8-d764-4ba4-855a-50364d0e8bc6.pdf,OK
8,2024-FC-EROLLGEN-S04-141-FinalRoll-Revision2-HIN-8-WI.pdf,tcsecidels3arc-eroll-s04-bihar,v3/2024/Revision2/EROLLGEN/S04/WP/141/p-8_8209de51-ce40-4946-b6ea-dd0b8a5e2ac4.pdf,OK
9,2024-FC-EROLLGEN-S04-141-FinalRoll-Revision2-HIN-9-WI.pdf,tcsecidels3arc-eroll-s04-bihar,v3/2024/Revision2/EROLLGEN/S04/WP/141/p-9_017aa73c-0880-4234-97f2-91bcc2ae5bbf.pdf,OK
10,2024-FC-EROLLGEN-S04-141-FinalRoll-Revision2-HIN-10-WI.pdf,tcsecidels3arc-eroll-s04-bihar,v3/2024/Revision2/EROLLGEN/S04/WP/141/p-10_f422fb0e-8eae-47f7-8f85-87fafc14ae3c.pdf,OK
11,2024-FC-EROLLGEN-S04-141-FinalRoll-Revision2-HIN-11-WI.pdf,tcsecidels3arc-eroll-s04-bihar,v3/2024/Revision2/EROLLGEN/S04/WP/141/p-11_e71fbdfb-eac5-4dde-bc41-b9cf9336e1a2.pdf,OK
12,2024-FC-EROLLGEN-S04-141-FinalRoll-Revision2-HIN-12-WI.pdf,tcsecidels3arc-eroll-s04-bihar,v3/2024/Revision2/EROLLGEN/S04/WP/141/p-12_c1af7770-da68-4000-8357-9bcbc8624e0e.pdf,OK
13,2024-FC-EROLLGEN-S04-141-FinalRoll-Revision2-HIN-13-WI.pdf,tcsecidels3arc-eroll-s04-bihar,v3/2024/Revision2/EROLLGEN/S04/WP/141/p-13_91c127fc-fd6f-43a3-8e98-8c93be2a4710.pdf,OK
14,2024-FC-EROLLGEN-S04-141-FinalRoll-Revision2-HIN-14-WI.pdf,tcsecidels3arc-eroll-s04-bihar,v3/2024/Revision2/EROLLGEN/S04/WP/141/p-14_e8d63485-4577-4c07-a56f-8acd9b755bb0.pdf,OK
15,2024-FC-EROLLGEN-S04-141-FinalRoll-Revision2-HIN-15-WI.pdf,tcsecidels3arc-eroll-s04-bihar,v3/2024/Revision2/EROLLGEN/S04/WP/141/p-15_0984af80-e1df-4c7f-a505-c1acc76dea15.pdf,OK
16,2024-FC-EROLLGEN-S04-141-FinalRoll-Revision2-HIN-16-WI.pdf,tcsecidels3arc-eroll-s04-bihar,v3/2024/Revision2/EROLLGEN/S04/WP/141/p-16_e228daa3-06aa-49b5-b9c9-379ea6744453.pdf,OK
17,2024-FC-EROLLGEN-S04-141-FinalRoll-Revision2-HIN-17-WI.pdf,tcsecidels3arc-eroll-s04-bihar,v3/2024/Revision2/EROLLGEN/S04/WP/141/p-17_d70ae58f-55c7-46e5-a4ee-b7a932ff4a4a.pdf,OK
18,2024-FC-EROLLGEN-S04-141-FinalRoll-Revision2-HIN-18-WI.pdf,tcsecidels3arc-eroll-s04-bihar,v3/2024/Revision2/EROLLGEN/S04/WP/141/p-18_2e8e780e-8d2a-4c6c-8300-e69d1bd81205.pdf,OK
19,2024-FC-EROLLGEN-S04-141-FinalRoll-Revision2-HIN-19-WI.pdf,tcsecidels3arc-eroll-s04-bihar,v3/2024/Revision2/EROLLGEN/S04/WP/141/p-19_8ef5ed02-5a11-4b45-852c-04eef0def555.pdf,OK
20,2024-FC-EROLLGEN-S04-141-FinalRoll-Revision2-HIN-20-WI.pdf,tcsecidels3arc-eroll-s04-bihar,v3/2024/Revision2/EROLLGEN/S04/WP/141/p-20_81525b92-291a-4ce3-94a9-3c01e6c0f2ed.pdf,OK
21,2024-FC-EROLLGEN-S04-141-FinalRoll-Revision2-HIN-21-WI.pdf,tcsecidels3arc-eroll-s04-bihar,v3/2024/Revision2/EROLLGEN/S04/WP/141/p-21_ef7d3f2a-13c3-4541-896e-cd4f2596fde5.pdf,OK
22,2024-FC-EROLLGEN-S04-141-FinalRoll-Revision2-HIN-22-WI.pdf,tcsecidels3arc-eroll-s04-bihar,v3/2024/Revision2/EROLLGEN/S04/WP/141/p-22_74598c71-1bf2-4efb-ab97-9fef31649b54.pdf,OK
23,2024-FC-EROLLGEN-S04-141-FinalRoll-Revision2-HIN-23-WI.pdf,tcsecidels3arc-eroll-s04-bihar,v3/2024/Revision2/EROLLGEN/S04/WP/141/p-23_1f0083a4-2d65-4654-aee4-c192e246ca59.pdf,OK
24,2024-FC-EROLLGEN-S04-141-FinalRoll-Revision2-HIN-24-WI.pdf,tcsecidels3arc-eroll-s04-bihar,v3/2024/Revision2/EROLLGEN/S04/WP/141/p-24_ad4b0ff6-3b89-4464-a994-9d8c2622701e.pdf,OK
25,2024-FC-EROLLGEN-S04-141-FinalRoll-Revision2-HIN-25-WI.pdf,tcsecidels3arc-eroll-s04-bihar,v3/2024/Revision2/EROLLGEN/S04/WP/141/p-25_5847b033-40ad-4f9d-a78c-eb2732e8b10c.pdf,OK
26,2024-FC-EROLLGEN-S04-141-FinalRoll-Revision2-HIN-26-WI.pdf,tcsecidels3arc-eroll-s04-bihar,v3/2024/Revision2/EROLLGEN/S04/WP/141/p-26_084a14e3-4479-49a4-994f-989b983c7076.pdf,OK
27,2024-FC-EROLLGEN-S04-141-FinalRoll-Revision2-HIN-27-WI.pdf,tcsecidels3arc-eroll-s04-bihar,v3/2024/Revision2/EROLLGEN/S04/WP/141/p-27_a353529f-0c6e-44e1-a3e6-860ad10c52f4.pdf,OK
28,2024-FC-EROLLGEN-S04-141-FinalRoll-Revision2-HIN-28-WI.pdf,tcsecidels3arc-eroll-s04-bihar,v3/2024/Revision2/EROLLGEN/S04/WP/141/p-28_1594b1af-e0a8-4b34-831a-9bfd1fc01756.pdf,OK
29,2024-FC-EROLLGEN-S04-141-FinalRoll-Revision2-HIN-29-WI.pdf,tcsecidels3arc-eroll-s04-bihar,v3/2024/Revision2/EROLLGEN/S04/WP/141/p-29_adac4596-a341-4608-b361-030d9c587486.pdf,OK
30,2024-FC-EROLLGEN-S04-141-FinalRoll-Revision2-HIN-30-WI.pdf,tcsecidels3arc-eroll-s04-bihar,v3/2024/Revision2/EROLLGEN/S04/WP/141/p-30_a74809de-5ba0-47a2-8c4d-0b5c8c812917.pdf,OK
31,2024-FC-EROLLGEN-S04-141-FinalRoll-Revision2-HIN-31-WI.pdf,tcsecidels3arc-eroll-s04-bihar,v3/2024/Revision2/EROLLGEN/S04/WP/141/p-31_54630c02-5544-4352-a9be-b8afa2d1f8f7.pdf,OK
32,2024-FC-EROLLGEN-S04-141-FinalRoll-Revision2-HIN-32-WI.pdf,tcsecidels3arc-eroll-s04-bihar,v3/2024/Revision2/EROLLGEN/S04/WP/141/p-32_89473330-2adb-4861-8238-12b6eb59c927.pdf,OK
33,2024-FC-EROLLGEN-S04-141-FinalRoll-Revision2-HIN-33-WI.pdf,tcsecidels3arc-eroll-s04-bihar,v3/2024/Revision2/EROLLGEN/S04/WP/141/p-33_b3575b26-ce01-474a-9a62-86f85c194938.pdf,OK
34,2024-FC-EROLLGEN-S04-141-FinalRoll-Revision2-HIN-34-WI.pdf,tcsecidels3arc-eroll-s04-bihar,v3/2024/Revision2/EROLLGEN/S04/WP/141/p-34_5aa3c60e-9cf8-4931-81c4-14b54b67f67b.pdf,OK
35,2024-FC-EROLLGEN-S04-141-FinalRoll-Revision2-HIN-35-WI.pdf,tcsecidels3arc-eroll-s04-bihar,v3/2024/Revision2/EROLLGEN/S04/WP/141/p-35_7a97bd46-2967-44fd-8017-7055d9c131e4.pdf,OK
36,2024-FC-EROLLGEN-S04-141-FinalRoll-Revision2-HIN-36-WI.pdf,tcsecidels3arc-eroll-s04-bihar,v3/2024/Revision2/EROLLGEN/S04/WP/141/p-36_74948a35-9bfa-4228-bf41-49055b0af9a2.pdf,OK
37,2024-FC-EROLLGEN-S04-141-FinalRoll-Revision2-HIN-37-WI.pdf,tcsecidels3arc-eroll-s04-bihar,v3/2024/Revision2/EROLLGEN/S04/WP/141/p-37_68b62754-813e-40e4-a8e3-8fe871561401.pdf,OK
38,2024-FC-EROLLGEN-S04-141-FinalRoll-Revision2-HIN-38-WI.pdf,tcsecidels3arc-eroll-s04-bihar,v3/2024/Revision2/EROLLGEN/S04/WP/141/p-38_e087e523-d659-45ea-be2a-43234eac0d43.pdf,OK
39,2024-FC-EROLLGEN-S04-141-FinalRoll-Revision2-HIN-39-WI.pdf,tcsecidels3arc-eroll-s04-bihar,v3/2024/Revision2/EROLLGEN/S04/WP/141/p-39_68e80cb9-3a5a-4ae5-a857-94db7b1905c5.pdf,OK
40,2024-FC-EROLLGEN-S04-141-FinalRoll-Revision2-HIN-40-WI.pdf,tcsecidels3arc-eroll-s04-bihar,v3/2024/Revision2/EROLLGEN/S04/WP/141/p-40_32881708-b047-4b52-b4a4-8bec2bc6e20e.pdf,OK
41,2024-FC-EROLLGEN-S04-141-FinalRoll-Revision2-HIN-41-WI.pdf,tcsecidels3arc-eroll-s04-bihar,v3/2024/Revision2/EROLLGEN/S04/WP/141/p-41_04ece957-529b-4832-b900-3fbb8a88eb3f.pdf,OK
42,2024-FC-EROLLGEN-S04-141-FinalRoll-Revision2-HIN-42-WI.pdf,tcsecidels3arc-eroll-s04-bihar,v3/2024/Revision2/EROLLGEN/S04/WP/141/p-42_e08acce3-22a2-45df-8e18-2680807bbf1b.pdf,OK
43,2024-FC-EROLLGEN-S04-141-FinalRoll-Revision2-HIN-43-WI.pdf,tcsecidels3arc-eroll-s04-bihar,v3/2024/Revision2/EROLLGEN/S04/WP/141/p-43_091bb341-5c34-4ff2-a80e-e84598a4a383.pdf,OK
44,2024-FC-EROLLGEN-S04-141-FinalRoll-Revision2-HIN-44-WI.pdf,tcsecidels3arc-eroll-s04-bihar,v3/2024/Revision2/EROLLGEN/S04/WP/141/p-44_3573de04-32dc-4b78-84fd-df1ed6baa436.pdf,OK
45,2024-FC-EROLLGEN-S04-141-FinalRoll-Revision2-HIN-45-WI.pdf,tcsecidels3arc-eroll-s04-bihar,v3/2024/Revision2/EROLLGEN/S04/WP/141/p-45_ffc6bcea-a713-4097-8030-ab29fe6f0080.pdf,OK
46,2024-FC-EROLLGEN-S04-141-FinalRoll-Revision2-HIN-46-WI.pdf,tcsecidels3arc-eroll-s04-bihar,v3/2024/Revision2/EROLLGEN/S04/WP/141/p-46_1bf0bfa9-137e-4599-bcad-0d7a6fbaee47.pdf,OK
47,2024-FC-EROLLGEN-S04-141-FinalRoll-Revision2-HIN-47-WI.pdf,tcsecidels3arc-eroll-s04-bihar,v3/2024/Revision2/EROLLGEN/S04/WP/141/p-47_d4162cf8-b1e5-472f-8d12-a1d96313d323.pdf,OK
48,2024-FC-EROLLGEN-S04-141-FinalRoll-Revision2-HIN-48-WI.pdf,tcsecidels3arc-eroll-s04-bihar,v3/2024/Revision2/EROLLGEN/S04/WP/141/p-48_e38d32ae-fed7-493e-93d0-db2c2b9af672.pdf,OK
49,2024-FC-EROLLGEN-S04-141-FinalRoll-Revision2-HIN-49-WI.pdf,tcsecidels3arc-eroll-s04-bihar,v3/2024/Revision2/EROLLGEN/S04/WP/141/p-49_0f339d77-cbec-4528-b980-1f6afcb6bd49.pdf,OK
50,2024-FC-EROLLGEN-S04-141-FinalRoll-Revision2-HIN-50-WI.pdf,tcsecidels3arc-eroll-s04-bihar,v3/2024/Revision2/EROLLGEN/S04/WP/141/p-50_00bc9fce-2450-4031-81e5-05bf8ea588c1.pdf,OK
51,2024-FC-EROLLGEN-S04-141-FinalRoll-Revision2-HIN-51-WI.pdf,tcsecidels3arc-eroll-s04-bihar,v3/2024/Revision2/EROLLGEN/S04/WP/141/p-51_5f199043-9e58-4f05-86ab-f88272a17743.pdf,OK
52,2024-FC-EROLLGEN-S04-141-FinalRoll-Revision2-HIN-52-WI.pdf,tcsecidels3arc-eroll-s04-bihar,v3/2024/Revision2/EROLLGEN/S04/WP/141/p-52_435130d9-98c0-4215-965a-4f465a0930af.pdf,OK
53,2024-FC-EROLLGEN-S04-141-FinalRoll-Revision2-HIN-53-WI.pdf,tcsecidels3arc-eroll-s04-bihar,v3/2024/Revision2/EROLLGEN/S04/WP/141/p-53_06fabedb-d6c0-444c-8aa7-865d5ba1609b.pdf,OK
54,2024-FC-EROLLGEN-S04-141-FinalRoll-Revision2-HIN-54-WI.pdf,tcsecidels3arc-eroll-s04-bihar,v3/2024/Revision2/EROLLGEN/S04/WP/141/p-54_ae29e60b-90da-46c4-94e7-95a77656ec5f.pdf,OK
55,2024-FC-EROLLGEN-S04-141-FinalRoll-Revision2-HIN-55-WI.pdf,tcsecidels3arc-eroll-s04-bihar,v3/2024/Revision2/EROLLGEN/S04/WP/141/p-55_71bd622f-f623-430c-8a52-cf445b578f66.pdf,OK
56,2024-FC-EROLLGEN-S04-141-FinalRoll-Revision2-HIN-56-WI.pdf,tcsecidels3arc-eroll-s04-bihar,v3/2024/Revision2/EROLLGEN/S04/WP/141/p-56_6e046711-e499-4063-bc47-f75809a587a8.pdf,OK
57,2024-FC-EROLLGEN-S04-141-FinalRoll-Revision2-HIN-57-WI.pdf,tcsecidels3arc-eroll-s04-bihar,v3/2024/Revision2/EROLLGEN/S04/WP/141/p-57_0e4ca058-bc1c-45de-ae9e-31449f8104cd.pdf,OK
58,2024-FC-EROLLGEN-S04-141-FinalRoll-Revision2-HIN-58-WI.pdf,tcsecidels3arc-eroll-s04-bihar,v3/2024/Revision2/EROLLGEN/S04/WP/141/p-58_a7feece0-11e5-4639-a603-95731349ec55.pdf,OK
59,2024-FC-EROLLGEN-S04-141-FinalRoll-Revision2-HIN-59-WI.pdf,tcsecidels3arc-eroll-s04-bihar,v3/2024/Revision2/EROLLGEN/S04/WP/141/p-59_96a13478-9dde-40da-a189-89359c3946bd.pdf,OK
60,2024-FC-EROLLGEN-S04-141-FinalRoll-Revision2-HIN-60-WI.pdf,tcsecidels3arc-eroll-s04-bihar,v3/2024/Revision2/EROLLGEN/S04/WP/141/p-60_6587a77a-e2f5-4cfd-9701-c9c567d2520f.pdf,OK
61,2024-FC-EROLLGEN-S04-141-FinalRoll-Revision2-HIN-61-WI.pdf,tcsecidels3arc-eroll-s04-bihar,v3/2024/Revision2/EROLLGEN/S04/WP/141/p-61_73c6ed5d-cee1-4f36-a711-dbc2510f59b4.pdf,OK
62,2024-FC-EROLLGEN-S04-141-FinalRoll-Revision2-HIN-62-WI.pdf,tcsecidels3arc-eroll-s04-bihar,v3/2024/Revision2/EROLLGEN/S04/WP/141/p-62_1945ebad-c627-4e1d-81c3-b08b4c4eb642.pdf,OK
63,2024-FC-EROLLGEN-S04-141-FinalRoll-Revision2-HIN-63-WI.pdf,tcsecidels3arc-eroll-s04-bihar,v3/2024/Revision2/EROLLGEN/S04/WP/141/p-63_4ba4a330-5ebd-4a4c-89f3-278061065d36.pdf,OK
64,2024-FC-EROLLGEN-S04-141-FinalRoll-Revision2-HIN-64-WI.pdf,tcsecidels3arc-eroll-s04-bihar,v3/2024/Revision2/EROLLGEN/S04/WP/141/p-64_f6aa7285-db8e-4509-b342-11f72e40493d.pdf,OK
65,2024-FC-EROLLGEN-S04-141-FinalRoll-Revision2-HIN-65-WI.pdf,tcsecidels3arc-eroll-s04-bihar,v3/2024/Revision2/EROLLGEN/S04/WP/141/p-65_0bd16263-aa92-4bb4-867b-440a7566b348.pdf,OK
66,2024-FC-EROLLGEN-S04-141-FinalRoll-Revision2-HIN-66-WI.pdf,tcsecidels3arc-eroll-s04-bihar,v3/2024/Revision2/EROLLGEN/S04/WP/141/p-66_a2f0ba43-5936-41b3-a67b-8cf1e5620b7e.pdf,OK
67,2024-FC-EROLLGEN-S04-141-FinalRoll-Revision2-HIN-67-WI.pdf,tcsecidels3arc-eroll-s04-bihar,v3/2024/Revision2/EROLLGEN/S04/WP/141/p-67_1ad548ea-75ab-45f6-8248-3fd7b7448bf0.pdf,OK
68,2024-FC-EROLLGEN-S04-141-FinalRoll-Revision2-HIN-68-WI.pdf,tcsecidels3arc-eroll-s04-bihar,v3/2024/Revision2/EROLLGEN/S04/WP/141/p-68_f716d2c9-8999-4098-899b-79cb4716c7e3.pdf,OK
69,2024-FC-EROLLGEN-S04-141-FinalRoll-Revision2-HIN-69-WI.pdf,tcsecidels3arc-eroll-s04-bihar,v3/2024/Revision2/EROLLGEN/S04/WP/141/p-69_73eca0b2-714a-4a7d-93fd-e4842823acec.pdf,OK
70,2024-FC-EROLLGEN-S04-141-FinalRoll-Revision2-HIN-70-WI.pdf,tcsecidels3arc-eroll-s04-bihar,v3/2024/Revision2/EROLLGEN/S04/WP/141/p-70_c2307327-048e-4ebd-8333-6f7ef158b456.pdf,OK
71,2024-FC-EROLLGEN-S04-141-FinalRoll-Revision2-HIN-71-WI.pdf,tcsecidels3arc-eroll-s04-bihar,v3/2024/Revision2/EROLLGEN/S04/WP/141/p-71_a80b7442-d657-4f49-9cf4-6ac8d4281830.pdf,OK
72,2024-FC-EROLLGEN-S04-141-FinalRoll-Revision2-HIN-72-WI.pdf,tcsecidels3arc-eroll-s04-bihar,v3/2024/Revision2/EROLLGEN/S04/WP/141/p-72_6c384d18-0d39-4f0d-8df7-d235277ee48e.pdf,OK
73,2024-FC-EROLLGEN-S04-141-FinalRoll-Revision2-HIN-73-WI.pdf,tcsecidels3arc-eroll-s04-bihar,v3/2024/Revision2/EROLLGEN/S04/WP/141/p-73_dea64653-6874-419d-9957-5bfb25c87f88.pdf,OK
74,2024-FC-EROLLGEN-S04-141-FinalRoll-Revision2-HIN-74-WI.pdf,tcsecidels3arc-eroll-s04-bihar,v3/2024/Revision2/EROLLGEN/S04/WP/141/p-74_7315ad04-ffe2-4b07-bd47-03503fa6c6a8.pdf,OK
75,2024-FC-EROLLGEN-S04-141-FinalRoll-Revision2-HIN-75-WI.pdf,tcsecidels3arc-eroll-s04-bihar,v3/2024/Revision2/EROLLGEN/S04/WP/141/p-75_7d464294-1f58-404c-92d6-15d2b6357c85.pdf,OK
76,2024-FC-EROLLGEN-S04-141-FinalRoll-Revision2-HIN-76-WI.pdf,tcsecidels3arc-eroll-s04-bihar,v3/2024/Revision2/EROLLGEN/S04/WP/141/p-76_8dab5eea-6a23-457c-95ea-9fea712fc737.pdf,OK
77,2024-FC-EROLLGEN-S04-141-FinalRoll-Revision2-HIN-77-WI.pdf,tcsecidels3arc-eroll-s04-bihar,v3/2024/Revision2/EROLLGEN/S04/WP/141/p-77_1cc49bbb-d9cf-42b1-a328-6cd0a837b8d8.pdf,OK
78,2024-FC-EROLLGEN-S04-141-FinalRoll-Revision2-HIN-78-WI.pdf,tcsecidels3arc-eroll-s04-bihar,v3/2024/Revision2/EROLLGEN/S04/WP/141/p-78_c20757d8-e9b0-417b-9653-33abb15967f1.pdf,OK
79,2024-FC-EROLLGEN-S04-141-FinalRoll-Revision2-HIN-79-WI.pdf,tcsecidels3arc-eroll-s04-bihar,v3/2024/Revision2/EROLLGEN/S04/WP/141/p-79_df1f00b0-9118-4e61-98b9-b1c9da81f81f.pdf,OK
80,2024-FC-EROLLGEN-S04-141-FinalRoll-Revision2-HIN-80-WI.pdf,tcsecidels3arc-eroll-s04-bihar,v3/2024/Revision2/EROLLGEN/S04/WP/141/p-80_0a226fad-1049-4683-a37d-8f80c2949514.pdf,OK
81,2024-FC-EROLLGEN-S04-141-FinalRoll-Revision2-HIN-81-WI.pdf,tcsecidels3arc-eroll-s04-bihar,v3/2024/Revision2/EROLLGEN/S04/WP/141/p-81_8dfffda2-ba48-48cf-858c-cfdca6c2cb63.pdf,OK
82,2024-FC-EROLLGEN-S04-141-FinalRoll-Revision2-HIN-82-WI.pdf,tcsecidels3arc-eroll-s04-bihar,v3/2024/Revision2/EROLLGEN/S04/WP/141/p-82_db9cbb32-1367-4de0-a005-b3eebaaed441.pdf,OK
83,2024-FC-EROLLGEN-S04-141-FinalRoll-Revision2-HIN-83-WI.pdf,tcsecidels3arc-eroll-s04-bihar,v3/2024/Revision2/EROLLGEN/S04/WP/141/p-83_4340a191-153f-4917-b472-3f7bea7154f9.pdf,OK
84,2024-FC-EROLLGEN-S04-141-FinalRoll-Revision2-HIN-84-WI.pdf,tcsecidels3arc-eroll-s04-bihar,v3/2024/Revision2/EROLLGEN/S04/WP/141/p-84_aadc12d6-8205-4bbf-8743-84bdd5cc82c9.pdf,OK
85,2024-FC-EROLLGEN-S04-141-FinalRoll-Revision2-HIN-85-WI.pdf,tcsecidels3arc-eroll-s04-bihar,v3/2024/Revision2/EROLLGEN/S04/WP/141/p-85_4c31a339-d1b2-4bc7-ae6f-a8646c294023.pdf,OK
86,2024-FC-EROLLGEN-S04-141-FinalRoll-Revision2-HIN-86-WI.pdf,tcsecidels3arc-eroll-s04-bihar,v3/2024/Revision2/EROLLGEN/S04/WP/141/p-86_4f78991f-0792-4167-a05b-6148137a54d3.pdf,OK
87,2024-FC-EROLLGEN-S04-141-FinalRoll-Revision2-HIN-87-WI.pdf,tcsecidels3arc-eroll-s04-bihar,v3/2024/Revision2/EROLLGEN/S04/WP/141/p-87_5433df0a-4420-4cd4-9c16-4f11d2112c02.pdf,OK
88,2024-FC-EROLLGEN-S04-141-FinalRoll-Revision2-HIN-88-WI.pdf,tcsecidels3arc-eroll-s04-bihar,v3/2024/Revision2/EROLLGEN/S04/WP/141/p-88_9ee00cdc-bcbe-466d-ac85-54d477048fe7.pdf,OK
89,2024-FC-EROLLGEN-S04-141-FinalRoll-Revision2-HIN-89-WI.pdf,tcsecidels3arc-eroll-s04-bihar,v3/2024/Revision2/EROLLGEN/S04/WP/141/p-89_53ba7d4f-2367-4c22-9ba5-1adae8d2d11c.pdf,OK
90,2024-FC-EROLLGEN-S04-141-FinalRoll-Revision2-HIN-90-WI.pdf,tcsecidels3arc-eroll-s04-bihar,v3/2024/Revision2/EROLLGEN/S04/WP/141/p-90_97d16183-427b-4490-906b-72bb55803967.pdf,OK
91,2024-FC-EROLLGEN-S04-141-FinalRoll-Revision2-HIN-91-WI.pdf,tcsecidels3arc-eroll-s04-bihar,v3/2024/Revision2/EROLLGEN/S04/WP/141/p-91_a91ef8c5-91e9-425d-989e-72d33b7480a3.pdf,OK
92,2024-FC-EROLLGEN-S04-141-FinalRoll-Revision2-HIN-92-WI.pdf,tcsecidels3arc-eroll-s04-bihar,v3/2024/Revision2/EROLLGEN/S04/WP/141/p-92_8082a03f-72d2-48e1-aaf1-4015ccbcc5d5.pdf,OK
93,2024-FC-EROLLGEN-S04-141-FinalRoll-Revision2-HIN-93-WI.pdf,tcsecidels3arc-eroll-s04-bihar,v3/2024/Revision2/EROLLGEN/S04/WP/141/p-93_94ffaecb-a2b2-4b91-b9ee-1552c213204c.pdf,OK
94,2024-FC-EROLLGEN-S04-141-FinalRoll-Revision2-HIN-94-WI.pdf,tcsecidels3arc-eroll-s04-bihar,v3/2024/Revision2/EROLLGEN/S04/WP/141/p-94_a08a0328-b297-4bfd-82bf-942ed242404c.pdf,OK
95,2024-FC-EROLLGEN-S04-141-FinalRoll-Revision2-HIN-95-WI.pdf,tcsecidels3arc-eroll-s04-bihar,v3/2024/Revision2/EROLLGEN/S04/WP/141/p-95_1faf04e8-8498-4da6-a7a5-bb7677086f85.pdf,OK
96,2024-FC-EROLLGEN-S04-141-FinalRoll-Revision2-HIN-96-WI.pdf,tcsecidels3arc-eroll-s04-bihar,v3/2024/Revision2/EROLLGEN/S04/WP/141/p-96_da001001-94e9-4b68-baad-15d06d738811.pdf,OK
97,2024-FC-EROLLGEN-S04-141-FinalRoll-Revision2-HIN-97-WI.pdf,tcsecidels3arc-eroll-s04-bihar,v3/2024/Revision2/EROLLGEN/S04/WP/141/p-97_7b100990-a743-4444-8261-02f89f38bca5.pdf,OK
98,2024-FC-EROLLGEN-S04-141-FinalRoll-Revision2-HIN-98-WI.pdf,tcsecidels3arc-eroll-s04-bihar,v3/2024/Revision2/EROLLGEN/S04/WP/141/p-98_06a2345f-e428-484b-8c9e-b2989d06cc71.pdf,OK
99,2024-FC-EROLLGEN-S04-141-FinalRoll-Revision2-HIN-99-WI.pdf,tcsecidels3arc-eroll-s04-bihar,v3/2024/Revision2/EROLLGEN/S04/WP/141/p-99_a3591eb1-13d3-4012-a2c2-132f85660403.pdf,OK
100,2024-FC-EROLLGEN-S04-141-FinalRoll-Revision2-HIN-100-WI.pdf,tcsecidels3arc-eroll-s04-bihar,v3/2024/Revision2/EROLLGEN/S04/WP/141/p-100_b895d01e-69ac-4858-89c2-1ecae7ed3038.pdf,OK
101,2024-FC-EROLLGEN-S04-141-FinalRoll-Revision2-HIN-101-WI.pdf,tcsecidels3arc-eroll-s04-bihar,v3/2024/Revision2/EROLLGEN/S04/WP/141/p-101_fdc065ee-a02a-4f2d-aabf-c86e75e71bad.pdf,OK
102,2024-FC-EROLLGEN-S04-141-FinalRoll-Revision2-HIN-102-WI.pdf,tcsecidels3arc-eroll-s04-bihar,v3/2024/Revision2/EROLLGEN/S04/WP/141/p-102_a708bf77-ce77-4c49-bcd6-7dc73dc002a6.pdf,OK
103,2024-FC-EROLLGEN-S04-141-FinalRoll-Revision2-HIN-103-WI.pdf,tcsecidels3arc-eroll-s04-bihar,v3/2024/Revision2/EROLLGEN/S04/WP/141/p-103_394679b7-2909-4149-99e9-8f76d782388c.pdf,OK
104,2024-FC-EROLLGEN-S04-141-FinalRoll-Revision2-HIN-104-WI.pdf,tcsecidels3arc-eroll-s04-bihar,v3/2024/Revision2/EROLLGEN/S04/WP/141/p-104_b27663a7-28ea-4646-8fe7-535118d752f6.pdf,OK
105,2024-FC-EROLLGEN-S04-141-FinalRoll-Revision2-HIN-105-WI.pdf,tcsecidels3arc-eroll-s04-bihar,v3/2024/Revision2/EROLLGEN/S04/WP/141/p-105_31306812-530c-4e2b-9a77-6bee6e494ff1.pdf,OK
106,2024-FC-EROLLGEN-S04-141-FinalRoll-Revision2-HIN-106-WI.pdf,tcsecidels3arc-eroll-s04-bihar,v3/2024/Revision2/EROLLGEN/S04/WP/141/p-106_0e37301f-2dea-4f28-b160-9b6bfdee181d.pdf,OK
107,2024-FC-EROLLGEN-S04-141-FinalRoll-Revision2-HIN-107-WI.pdf,tcsecidels3arc-eroll-s04-bihar,v3/2024/Revision2/EROLLGEN/S04/WP/141/p-107_5fbe8593-b6af-4528-9373-d9c173d21cee.pdf,OK
108,2024-FC-EROLLGEN-S04-141-FinalRoll-Revision2-HIN-108-WI.pdf,tcsecidels3arc-eroll-s04-bihar,v3/2024/Revision2/EROLLGEN/S04/WP/141/p-108_3bd7cdfc-00b5-48be-a889-81dd6ad71147.pdf,OK
109,2024-FC-EROLLGEN-S04-141-FinalRoll-Revision2-HIN-109-WI.pdf,tcsecidels3arc-eroll-s04-bihar,v3/2024/Revision2/EROLLGEN/S04/WP/141/p-109_9b8b5419-5399-4d23-abfc-f42d4deb8ea4.pdf,OK
110,2024-FC-EROLLGEN-S04-141-FinalRoll-Revision2-HIN-110-WI.pdf,tcsecidels3arc-eroll-s04-bihar,v3/2024/Revision2/EROLLGEN/S04/WP/141/p-110_cada38bb-0c16-44a9-9d1a-468383d23d5c.pdf,OK
111,2024-FC-EROLLGEN-S04-141-FinalRoll-Revision2-HIN-111-WI.pdf,tcsecidels3arc-eroll-s04-bihar,v3/2024/Revision2/EROLLGEN/S04/WP/141/p-111_a385c868-5507-4c19-a9f4-f1e9e6da08f5.pdf,OK
112,2024-FC-EROLLGEN-S04-141-FinalRoll-Revision2-HIN-112-WI.pdf,tcsecidels3arc-eroll-s04-bihar,v3/2024/Revision2/EROLLGEN/S04/WP/141/p-112_3550152d-2b81-42d0-9535-7d2a434b22d6.pdf,OK
113,2024-FC-EROLLGEN-S04-141-FinalRoll-Revision2-HIN-113-WI.pdf,tcsecidels3arc-eroll-s04-bihar,v3/2024/Revision2/EROLLGEN/S04/WP/141/p-113_3dcb42e5-0ce8-4d96-9ac7-517383800632.pdf,OK
114,2024-FC-EROLLGEN-S04-141-FinalRoll-Revision2-HIN-114-WI.pdf,tcsecidels3arc-eroll-s04-bihar,v3/2024/Revision2/EROLLGEN/S04/WP/141/p-114_59ad0e12-399a-4922-84ba-eb6a2981f364.pdf,OK
115,2024-FC-EROLLGEN-S04-141-FinalRoll-Revision2-HIN-115-WI.pdf,tcsecidels3arc-eroll-s04-bihar,v3/2024/Revision2/EROLLGEN/S04/WP/141/p-115_158daefe-9810-41e2-bc78-05fb6056f8fd.pdf,OK
116,2024-FC-EROLLGEN-S04-141-FinalRoll-Revision2-HIN-116-WI.pdf,tcsecidels3arc-eroll-s04-bihar,v3/2024/Revision2/EROLLGEN/S04/WP/141/p-116_550bd300-5661-4798-a2f4-889e65b0deff.pdf,OK
117,2024-FC-EROLLGEN-S04-141-FinalRoll-Revision2-HIN-117-WI.pdf,tcsecidels3arc-eroll-s04-bihar,v3/2024/Revision2/EROLLGEN/S04/WP/141/p-117_71086b69-dc0c-4ae5-88b5-acdaa2638b50.pdf,OK
118,2024-FC-EROLLGEN-S04-141-FinalRoll-Revision2-HIN-118-WI.pdf,tcsecidels3arc-eroll-s04-bihar,v3/2024/Revision2/EROLLGEN/S04/WP/141/p-118_7fe19143-7675-4256-b967-403d3a21db35.pdf,OK
119,2024-FC-EROLLGEN-S04-141-FinalRoll-Revision2-HIN-119-WI.pdf,tcsecidels3arc-eroll-s04-bihar,v3/2024/Revision2/EROLLGEN/S04/WP/141/p-119_25441cb9-1d58-4ee7-9f8c-99ccf1b239ee.pdf,OK
120,2024-FC-EROLLGEN-S04-141-FinalRoll-Revision2-HIN-120-WI.pdf,tcsecidels3arc-eroll-s04-bihar,v3/2024/Revision2/EROLLGEN/S04/WP/141/p-120_8c72c9d5-ba4c-44e7-9a03-e13fb184bdb7.pdf,OK
121,2024-FC-EROLLGEN-S04-141-FinalRoll-Revision2-HIN-121-WI.pdf,tcsecidels3arc-eroll-s04-bihar,v3/2024/Revision2/EROLLGEN/S04/WP/141/p-121_36d9b2d7-5224-4bbc-9720-225846d2c96e.pdf,OK
122,2024-FC-EROLLGEN-S04-141-FinalRoll-Revision2-HIN-122-WI.pdf,tcsecidels3arc-eroll-s04-bihar,v3/2024/Revision2/EROLLGEN/S04/WP/141/p-122_0e49abfd-9efb-4d0c-8597-395561c1f314.pdf,OK
123,2024-FC-EROLLGEN-S04-141-FinalRoll-Revision2-HIN-123-WI.pdf,tcsecidels3arc-eroll-s04-bihar,v3/2024/Revision2/EROLLGEN/S04/WP/141/p-123_5d19ffc9-38b1-464d-a21b-19e7238ede18.pdf,OK
124,2024-FC-EROLLGEN-S04-141-FinalRoll-Revision2-HIN-124-WI.pdf,tcsecidels3arc-eroll-s04-bihar,v3/2024/Revision2/EROLLGEN/S04/WP/141/p-124_f22df806-1dfa-4104-844e-fc56364b10b3.pdf,OK
125,2024-FC-EROLLGEN-S04-141-FinalRoll-Revision2-HIN-125-WI.pdf,tcsecidels3arc-eroll-s04-bihar,v3/2024/Revision2/EROLLGEN/S04/WP/141/p-125_7e085399-b497-4b15-a317-12c00ebe25fb.pdf,OK
126,2024-FC-EROLLGEN-S04-141-FinalRoll-Revision2-HIN-126-WI.pdf,tcsecidels3arc-eroll-s04-bihar,v3/2024/Revision2/EROLLGEN/S04/WP/141/p-126_03db148e-4678-4b4f-a252-af8c18f67288.pdf,OK
127,2024-FC-EROLLGEN-S04-141-FinalRoll-Revision2-HIN-127-WI.pdf,tcsecidels3arc-eroll-s04-bihar,v3/2024/Revision2/EROLLGEN/S04/WP/141/p-127_07450515-2540-4a03-9fc1-3e3fa88d762c.pdf,OK
128,2024-FC-EROLLGEN-S04-141-FinalRoll-Revision2-HIN-128-WI.pdf,tcsecidels3arc-eroll-s04-bihar,v3/2024/Revision2/EROLLGEN/S04/WP/141/p-128_08b3f5c5-16c4-4fdf-9034-a19fd255c270.pdf,OK
129,2024-FC-EROLLGEN-S04-141-FinalRoll-Revision2-HIN-129-WI.pdf,tcsecidels3arc-eroll-s04-bihar,v3/2024/Revision2/EROLLGEN/S04/WP/141/p-129_1558fb81-c70d-49f4-8dcb-e6dde2c8ca93.pdf,OK
130,2024-FC-EROLLGEN-S04-141-FinalRoll-Revision2-HIN-130-WI.pdf,tcsecidels3arc-eroll-s04-bihar,v3/2024/Revision2/EROLLGEN/S04/WP/141/p-130_867e7637-c4a7-4fda-868f-e5c87b5af38a.pdf,OK
131,2024-FC-EROLLGEN-S04-141-FinalRoll-Revision2-HIN-131-WI.pdf,tcsecidels3arc-eroll-s04-bihar,v3/2024/Revision2/EROLLGEN/S04/WP/141/p-131_91388cde-c95f-4850-9125-e4839fa4cc55.pdf,OK
132,2024-FC-EROLLGEN-S04-141-FinalRoll-Revision2-HIN-132-WI.pdf,tcsecidels3arc-eroll-s04-bihar,v3/2024/Revision2/EROLLGEN/S04/WP/141/p-132_6b6b2907-b7c2-41ab-ac37-6263125c1792.pdf,OK
133,2024-FC-EROLLGEN-S04-141-FinalRoll-Revision2-HIN-133-WI.pdf,tcsecidels3arc-eroll-s04-bihar,v3/2024/Revision2/EROLLGEN/S04/WP/141/p-133_e6bda9b7-a2cd-44c0-a2cd-63804aabaa25.pdf,OK
134,2024-FC-EROLLGEN-S04-141-FinalRoll-Revision2-HIN-134-WI.pdf,tcsecidels3arc-eroll-s04-bihar,v3/2024/Revision2/EROLLGEN/S04/WP/141/p-134_49655190-20d2-4dbb-a620-261bc62e2c83.pdf,OK
135,2024-FC-EROLLGEN-S04-141-FinalRoll-Revision2-HIN-135-WI.pdf,tcsecidels3arc-eroll-s04-bihar,v3/2024/Revision2/EROLLGEN/S04/WP/141/p-135_92a67bc2-ff4a-42ae-bd18-241abdb9415a.pdf,OK
136,2024-FC-EROLLGEN-S04-141-FinalRoll-Revision2-HIN-136-WI.pdf,tcsecidels3arc-eroll-s04-bihar,v3/2024/Revision2/EROLLGEN/S04/WP/141/p-136_b1f9f765-7786-4316-9c1e-ab3bb694e10c.pdf,OK
137,2024-FC-EROLLGEN-S04-141-FinalRoll-Revision2-HIN-137-WI.pdf,tcsecidels3arc-eroll-s04-bihar,v3/2024/Revision2/EROLLGEN/S04/WP/141/p-137_fd68bcf4-e5bc-40cc-882b-9477be951789.pdf,OK
138,2024-FC-EROLLGEN-S04-141-FinalRoll-Revision2-HIN-138-WI.pdf,tcsecidels3arc-eroll-s04-bihar,v3/2024/Revision2/EROLLGEN/S04/WP/141/p-138_38c08bc4-f358-47d6-9849-e7508f337a43.pdf,OK
139,2024-FC-EROLLGEN-S04-141-FinalRoll-Revision2-HIN-139-WI.pdf,tcsecidels3arc-eroll-s04-bihar,v3/2024/Revision2/EROLLGEN/S04/WP/141/p-139_f7d3ebd0-ff18-4846-92b4-3ee619b6ed35.pdf,OK
140,2024-FC-EROLLGEN-S04-141-FinalRoll-Revision2-HIN-140-WI.pdf,tcsecidels3arc-eroll-s04-bihar,v3/2024/Revision2/EROLLGEN/S04/WP/141/p-140_cf26ed9e-0aa2-4972-84ef-be7bef80db05.pdf,OK
141,2024-FC-EROLLGEN-S04-141-FinalRoll-Revision2-HIN-141-WI.pdf,tcsecidels3arc-eroll-s04-bihar,v3/2024/Revision2/EROLLGEN/S04/WP/141/p-141_064313e0-9f40-4a97-9fcf-c1ec8c4a4e70.pdf,OK
142,2024-FC-EROLLGEN-S04-141-FinalRoll-Revision2-HIN-142-WI.pdf,tcsecidels3arc-eroll-s04-bihar,v3/2024/Revision2/EROLLGEN/S04/WP/141/p-142_c95eac16-a10c-4198-a05e-e113591f96d3.pdf,OK
143,2024-FC-EROLLGEN-S04-141-FinalRoll-Revision2-HIN-143-WI.pdf,tcsecidels3arc-eroll-s04-bihar,v3/2024/Revision2/EROLLGEN/S04/WP/141/p-143_8ced7da1-c712-473c-8466-c356dc284502.pdf,OK
144,2024-FC-EROLLGEN-S04-141-FinalRoll-Revision2-HIN-144-WI.pdf,tcsecidels3arc-eroll-s04-bihar,v3/2024/Revision2/EROLLGEN/S04/WP/141/p-144_de4ff5de-502a-47d3-a40e-e9278a487632.pdf,OK
145,2024-FC-EROLLGEN-S04-141-FinalRoll-Revision2-HIN-145-WI.pdf,tcsecidels3arc-eroll-s04-bihar,v3/2024/Revision2/EROLLGEN/S04/WP/141/p-145_2efe4afb-54c0-4700-a6d3-6c9101519534.pdf,OK
146,2024-FC-EROLLGEN-S04-141-FinalRoll-Revision2-HIN-146-WI.pdf,tcsecidels3arc-eroll-s04-bihar,v3/2024/Revision2/EROLLGEN/S04/WP/141/p-146_e8f9cb74-2fbb-4f21-b303-38e629ef6131.pdf,OK
147,2024-FC-EROLLGEN-S04-141-FinalRoll-Revision2-HIN-147-WI.pdf,tcsecidels3arc-eroll-s04-bihar,v3/2024/Revision2/EROLLGEN/S04/WP/141/p-147_c163fb90-ebd7-4801-becd-35ba473103b8.pdf,OK
148,2024-FC-EROLLGEN-S04-141-FinalRoll-Revision2-HIN-148-WI.pdf,tcsecidels3arc-eroll-s04-bihar,v3/2024/Revision2/EROLLGEN/S04/WP/141/p-148_e72cea99-76e9-43ed-b775-415ac70c286c.pdf,OK
149,2024-FC-EROLLGEN-S04-141-FinalRoll-Revision2-HIN-149-WI.pdf,tcsecidels3arc-eroll-s04-bihar,v3/2024/Revision2/EROLLGEN/S04/WP/141/p-149_e82c1c5f-2785-4333-b433-c8a4eb77f00c.pdf,OK
150,2024-FC-EROLLGEN-S04-141-FinalRoll-Revision2-HIN-150-WI.pdf,tcsecidels3arc-eroll-s04-bihar,v3/2024/Revision2/EROLLGEN/S04/WP/141/p-150_2c4b2a15-5a5e-4b28-9f7d-ce901cea563a.pdf,OK
151,2024-FC-EROLLGEN-S04-141-FinalRoll-Revision2-HIN-151-WI.pdf,tcsecidels3arc-eroll-s04-bihar,v3/2024/Revision2/EROLLGEN/S04/WP/141/p-151_6b098f89-d930-4957-81b8-e9d19af9ff17.pdf,OK
152,2024-FC-EROLLGEN-S04-141-FinalRoll-Revision2-HIN-152-WI.pdf,tcsecidels3arc-eroll-s04-bihar,v3/2024/Revision2/EROLLGEN/S04/WP/141/p-152_04759b7b-0533-4c93-90fd-3412009a3a50.pdf,OK
153,2024-FC-EROLLGEN-S04-141-FinalRoll-Revision2-HIN-153-WI.pdf,tcsecidels3arc-eroll-s04-bihar,v3/2024/Revision2/EROLLGEN/S04/WP/141/p-153_9b3c02d8-f186-4284-86b0-31376b5e72d1.pdf,OK
154,2024-FC-EROLLGEN-S04-141-FinalRoll-Revision2-HIN-154-WI.pdf,tcsecidels3arc-eroll-s04-bihar,v3/2024/Revision2/EROLLGEN/S04/WP/141/p-154_2a858507-3d91-4f9e-9fe0-d59a54467287.pdf,OK
155,2024-FC-EROLLGEN-S04-141-FinalRoll-Revision2-HIN-155-WI.pdf,tcsecidels3arc-eroll-s04-bihar,v3/2024/Revision2/EROLLGEN/S04/WP/141/p-155_bd80a223-23c1-4660-a3b2-93844b4bffe2.pdf,OK
156,2024-FC-EROLLGEN-S04-141-FinalRoll-Revision2-HIN-156-WI.pdf,tcsecidels3arc-eroll-s04-bihar,v3/2024/Revision2/EROLLGEN/S04/WP/141/p-156_53915f1c-eef1-4d13-a49a-ad448cadc4db.pdf,OK
157,2024-FC-EROLLGEN-S04-141-FinalRoll-Revision2-HIN-157-WI.pdf,tcsecidels3arc-eroll-s04-bihar,v3/2024/Revision2/EROLLGEN/S04/WP/141/p-157_d42da81e-2ea7-457e-b4bd-eb19e41cde0c.pdf,OK
158,2024-FC-EROLLGEN-S04-141-FinalRoll-Revision2-HIN-158-WI.pdf,tcsecidels3arc-eroll-s04-bihar,v3/2024/Revision2/EROLLGEN/S04/WP/141/p-158_35d272ce-0f94-4eb3-b56a-58ba2d0d57fa.pdf,OK
159,2024-FC-EROLLGEN-S04-141-FinalRoll-Revision2-HIN-159-WI.pdf,tcsecidels3arc-eroll-s04-bihar,v3/2024/Revision2/EROLLGEN/S04/WP/141/p-159_c9718aae-5037-47d9-b69b-59d56171f20e.pdf,OK
160,2024-FC-EROLLGEN-S04-141-FinalRoll-Revision2-HIN-160-WI.pdf,tcsecidels3arc-eroll-s04-bihar,v3/2024/Revision2/EROLLGEN/S04/WP/141/p-160_a6815b64-506e-416a-bbd5-cadd3e4fd555.pdf,OK
161,2024-FC-EROLLGEN-S04-141-FinalRoll-Revision2-HIN-161-WI.pdf,tcsecidels3arc-eroll-s04-bihar,v3/2024/Revision2/EROLLGEN/S04/WP/141/p-161_808036dd-16e3-45b1-b08a-619991d2d0ed.pdf,OK
162,2024-FC-EROLLGEN-S04-141-FinalRoll-Revision2-HIN-162-WI.pdf,tcsecidels3arc-eroll-s04-bihar,v3/2024/Revision2/EROLLGEN/S04/WP/141/p-162_a40e9569-dc40-4475-adf3-4e7fa9bf1c9c.pdf,OK
163,2024-FC-EROLLGEN-S04-141-FinalRoll-Revision2-HIN-163-WI.pdf,tcsecidels3arc-eroll-s04-bihar,v3/2024/Revision2/EROLLGEN/S04/WP/141/p-163_76f0c6de-293e-4aad-9732-40066e1d4e28.pdf,OK
164,2024-FC-EROLLGEN-S04-141-FinalRoll-Revision2-HIN-164-WI.pdf,tcsecidels3arc-eroll-s04-bihar,v3/2024/Revision2/EROLLGEN/S04/WP/141/p-164_d39211aa-b129-4acc-b292-a9b3403861ff.pdf,OK
165,2024-FC-EROLLGEN-S04-141-FinalRoll-Revision2-HIN-165-WI.pdf,tcsecidels3arc-eroll-s04-bihar,v3/2024/Revision2/EROLLGEN/S04/WP/141/p-165_8d1ff2ec-40a2-4662-9668-046f234ad1ba.pdf,OK
166,2024-FC-EROLLGEN-S04-141-FinalRoll-Revision2-HIN-166-WI.pdf,tcsecidels3arc-eroll-s04-bihar,v3/2024/Revision2/EROLLGEN/S04/WP/141/p-166_b9230963-7c49-4cfa-a15c-a82603a16158.pdf,OK
167,2024-FC-EROLLGEN-S04-141-FinalRoll-Revision2-HIN-167-WI.pdf,tcsecidels3arc-eroll-s04-bihar,v3/2024/Revision2/EROLLGEN/S04/WP/141/p-167_8d79a498-2100-42a9-a631-6462df8cada3.pdf,OK
168,2024-FC-EROLLGEN-S04-141-FinalRoll-Revision2-HIN-168-WI.pdf,tcsecidels3arc-eroll-s04-bihar,v3/2024/Revision2/EROLLGEN/S04/WP/141/p-168_2d23a55f-bb3b-437f-b881-f07110d73bd3.pdf,OK
169,2024-FC-EROLLGEN-S04-141-FinalRoll-Revision2-HIN-169-WI.pdf,tcsecidels3arc-eroll-s04-bihar,v3/2024/Revision2/EROLLGEN/S04/WP/141/p-169_642822d5-1e65-450a-8424-affe927d04ed.pdf,OK
170,2024-FC-EROLLGEN-S04-141-FinalRoll-Revision2-HIN-170-WI.pdf,tcsecidels3arc-eroll-s04-bihar,v3/2024/Revision2/EROLLGEN/S04/WP/141/p-170_11c6afbb-980c-4713-a8ce-f4b762101830.pdf,OK
171,2024-FC-EROLLGEN-S04-141-FinalRoll-Revision2-HIN-171-WI.pdf,tcsecidels3arc-eroll-s04-bihar,v3/2024/Revision2/EROLLGEN/S04/WP/141/p-171_b1f1bd6c-8fd6-462a-a1ce-75052c7514d3.pdf,OK
172,2024-FC-EROLLGEN-S04-141-FinalRoll-Revision2-HIN-172-WI.pdf,tcsecidels3arc-eroll-s04-bihar,v3/2024/Revision2/EROLLGEN/S04/WP/141/p-172_e27dace8-17dd-4f5c-9613-c773c05ca8b7.pdf,OK
173,2024-FC-EROLLGEN-S04-141-FinalRoll-Revision2-HIN-173-WI.pdf,tcsecidels3arc-eroll-s04-bihar,v3/2024/Revision2/EROLLGEN/S04/WP/141/p-173_1982f5da-c86b-4bd3-b889-08851a762ac2.pdf,OK
174,2024-FC-EROLLGEN-S04-141-FinalRoll-Revision2-HIN-174-WI.pdf,tcsecidels3arc-eroll-s04-bihar,v3/2024/Revision2/EROLLGEN/S04/WP/141/p-174_cf1f7085-39c8-4623-9cf7-f5c3270f7870.pdf,OK
175,2024-FC-EROLLGEN-S04-141-FinalRoll-Revision2-HIN-175-WI.pdf,tcsecidels3arc-eroll-s04-bihar,v3/2024/Revision2/EROLLGEN/S04/WP/141/p-175_700d8a80-6728-47b7-8fe7-c3424b985ae7.pdf,OK
176,2024-FC-EROLLGEN-S04-141-FinalRoll-Revision2-HIN-176-WI.pdf,tcsecidels3arc-eroll-s04-bihar,v3/2024/Revision2/EROLLGEN/S04/WP/141/p-176_e1cd71fa-3f59-4073-80c6-76a57ebfe587.pdf,OK
177,2024-FC-EROLLGEN-S04-141-FinalRoll-Revision2-HIN-177-WI.pdf,tcsecidels3arc-eroll-s04-bihar,v3/2024/Revision2/EROLLGEN/S04/WP/141/p-177_47c85255-303a-4636-9c21-a963fc68cac3.pdf,OK
178,2024-FC-EROLLGEN-S04-141-FinalRoll-Revision2-HIN-178-WI.pdf,tcsecidels3arc-eroll-s04-bihar,v3/2024/Revision2/EROLLGEN/S04/WP/141/p-178_313c33b0-462f-4710-8cf3-6a6bf9eee0f6.pdf,OK
179,2024-FC-EROLLGEN-S04-141-FinalRoll-Revision2-HIN-179-WI.pdf,tcsecidels3arc-eroll-s04-bihar,v3/2024/Revision2/EROLLGEN/S04/WP/141/p-179_31db8925-6b55-4ef1-8903-c920b4807f9a.pdf,OK
180,2024-FC-EROLLGEN-S04-141-FinalRoll-Revision2-HIN-180-WI.pdf,tcsecidels3arc-eroll-s04-bihar,v3/2024/Revision2/EROLLGEN/S04/WP/141/p-180_f0c89874-8da6-401f-910e-d50123c45c9d.pdf,OK
181,2024-FC-EROLLGEN-S04-141-FinalRoll-Revision2-HIN-181-WI.pdf,tcsecidels3arc-eroll-s04-bihar,v3/2024/Revision2/EROLLGEN/S04/WP/141/p-181_cb531260-74da-40a7-a093-3da24440d216.pdf,OK
182,2024-FC-EROLLGEN-S04-141-FinalRoll-Revision2-HIN-182-WI.pdf,tcsecidels3arc-eroll-s04-bihar,v3/2024/Revision2/EROLLGEN/S04/WP/141/p-182_4d93ec1c-e88c-4f1d-9737-0ab5db7c2404.pdf,OK
183,2024-FC-EROLLGEN-S04-141-FinalRoll-Revision2-HIN-183-WI.pdf,tcsecidels3arc-eroll-s04-bihar,v3/2024/Revision2/EROLLGEN/S04/WP/141/p-183_34ad3f80-3ad4-4ccb-a592-9b66a378200f.pdf,OK
184,2024-FC-EROLLGEN-S04-141-FinalRoll-Revision2-HIN-184-WI.pdf,tcsecidels3arc-eroll-s04-bihar,v3/2024/Revision2/EROLLGEN/S04/WP/141/p-184_6382fcbd-493f-4993-83f9-fb74547ae97f.pdf,OK
185,2024-FC-EROLLGEN-S04-141-FinalRoll-Revision2-HIN-185-WI.pdf,tcsecidels3arc-eroll-s04-bihar,v3/2024/Revision2/EROLLGEN/S04/WP/141/p-185_04c1323a-3e48-4818-9fe8-979d6dd5125a.pdf,OK
186,2024-FC-EROLLGEN-S04-141-FinalRoll-Revision2-HIN-186-WI.pdf,tcsecidels3arc-eroll-s04-bihar,v3/2024/Revision2/EROLLGEN/S04/WP/141/p-186_e7122ed1-f077-41c0-9fea-7d5b8e34a549.pdf,OK
187,2024-FC-EROLLGEN-S04-141-FinalRoll-Revision2-HIN-187-WI.pdf,tcsecidels3arc-eroll-s04-bihar,v3/2024/Revision2/EROLLGEN/S04/WP/141/p-187_19104c99-75ae-4718-9a2c-e5e2ce8c1c26.pdf,OK
188,2024-FC-EROLLGEN-S04-141-FinalRoll-Revision2-HIN-188-WI.pdf,tcsecidels3arc-eroll-s04-bihar,v3/2024/Revision2/EROLLGEN/S04/WP/141/p-188_dd8b5db0-7418-4c34-a00c-ec2d278232e0.pdf,OK
189,2024-FC-EROLLGEN-S04-141-FinalRoll-Revision2-HIN-189-WI.pdf,tcsecidels3arc-eroll-s04-bihar,v3/2024/Revision2/EROLLGEN/S04/WP/141/p-189_63bdd774-82f1-43f6-9267-a24454bfaa1a.pdf,OK
190,2024-FC-EROLLGEN-S04-141-FinalRoll-Revision2-HIN-190-WI.pdf,tcsecidels3arc-eroll-s04-bihar,v3/2024/Revision2/EROLLGEN/S04/WP/141/p-190_bfcba008-d009-47e8-80d7-0e5017a917bd.pdf,OK
191,2024-FC-EROLLGEN-S04-141-FinalRoll-Revision2-HIN-191-WI.pdf,tcsecidels3arc-eroll-s04-bihar,v3/2024/Revision2/EROLLGEN/S04/WP/141/p-191_b770f2e2-4c15-4849-8f4e-f5796339f940.pdf,OK
192,2024-FC-EROLLGEN-S04-141-FinalRoll-Revision2-HIN-192-WI.pdf,tcsecidels3arc-eroll-s04-bihar,v3/2024/Revision2/EROLLGEN/S04/WP/141/p-192_2d0d298c-c3de-4193-80b2-454fd346793a.pdf,OK
193,2024-FC-EROLLGEN-S04-141-FinalRoll-Revision2-HIN-193-WI.pdf,tcsecidels3arc-eroll-s04-bihar,v3/2024/Revision2/EROLLGEN/S04/WP/141/p-193_292899b5-0d70-4887-a707-f3a85bc00c72.pdf,OK
194,2024-FC-EROLLGEN-S04-141-FinalRoll-Revision2-HIN-194-WI.pdf,tcsecidels3arc-eroll-s04-bihar,v3/2024/Revision2/EROLLGEN/S04/WP/141/p-194_d62f889e-6552-4092-9085-00a72bd2e8d3.pdf,OK
195,2024-FC-EROLLGEN-S04-141-FinalRoll-Revision2-HIN-195-WI.pdf,tcsecidels3arc-eroll-s04-bihar,v3/2024/Revision2/EROLLGEN/S04/WP/141/p-195_571d5616-5989-4dde-9e2a-a4bb8cb15894.pdf,OK
196,2024-FC-EROLLGEN-S04-141-FinalRoll-Revision2-HIN-196-WI.pdf,tcsecidels3arc-eroll-s04-bihar,v3/2024/Revision2/EROLLGEN/S04/WP/141/p-196_6381730b-afaa-46af-904a-32d05e01c8ba.pdf,OK
197,2024-FC-EROLLGEN-S04-141-FinalRoll-Revision2-HIN-197-WI.pdf,tcsecidels3arc-eroll-s04-bihar,v3/2024/Revision2/EROLLGEN/S04/WP/141/p-197_8a0f930c-c8fb-483c-b1b9-352adf53fa95.pdf,OK
198,2024-FC-EROLLGEN-S04-141-FinalRoll-Revision2-HIN-198-WI.pdf,tcsecidels3arc-eroll-s04-bihar,v3/2024/Revision2/EROLLGEN/S04/WP/141/p-198_f15350e1-1ef1-4017-a4f7-9dbf1be99254.pdf,OK
199,2024-FC-EROLLGEN-S04-141-FinalRoll-Revision2-HIN-199-WI.pdf,tcsecidels3arc-eroll-s04-bihar,v3/2024/Revision2/EROLLGEN/S04/WP/141/p-199_3c62a50c-5028-4f19-b8ea-f3ad3212940f.pdf,OK
200,2024-FC-EROLLGEN-S04-141-FinalRoll-Revision2-HIN-200-WI.pdf,tcsecidels3arc-eroll-s04-bihar,v3/2024/Revision2/EROLLGEN/S04/WP/141/p-200_747b7db1-b2c8-4377-bffb-638032556f86.pdf,OK
201,2024-FC-EROLLGEN-S04-141-FinalRoll-Revision2-HIN-201-WI.pdf,tcsecidels3arc-eroll-s04-bihar,v3/2024/Revision2/EROLLGEN/S04/WP/141/p-201_a6fea7a2-f377-405c-947a-2de09e704eec.pdf,OK
202,2024-FC-EROLLGEN-S04-141-FinalRoll-Revision2-HIN-202-WI.pdf,tcsecidels3arc-eroll-s04-bihar,v3/2024/Revision2/EROLLGEN/S04/WP/141/p-202_106ec861-13c1-44b5-8462-3bbcb86fec15.pdf,OK
203,2024-FC-EROLLGEN-S04-141-FinalRoll-Revision2-HIN-203-WI.pdf,tcsecidels3arc-eroll-s04-bihar,v3/2024/Revision2/EROLLGEN/S04/WP/141/p-203_bdd0b171-88bc-41bc-aa63-a4b0b7444589.pdf,OK
204,2024-FC-EROLLGEN-S04-141-FinalRoll-Revision2-HIN-204-WI.pdf,tcsecidels3arc-eroll-s04-bihar,v3/2024/Revision2/EROLLGEN/S04/WP/141/p-204_6fa0aafc-d4cd-4f74-a1cd-070ab8175914.pdf,OK
205,2024-FC-EROLLGEN-S04-141-FinalRoll-Revision2-HIN-205-WI.pdf,tcsecidels3arc-eroll-s04-bihar,v3/2024/Revision2/EROLLGEN/S04/WP/141/p-205_ae92ecf9-0aea-4171-ac6a-d85cd7d8c537.pdf,OK
206,2024-FC-EROLLGEN-S04-141-FinalRoll-Revision2-HIN-206-WI.pdf,tcsecidels3arc-eroll-s04-bihar,v3/2024/Revision2/EROLLGEN/S04/WP/141/p-206_373d9eb5-a630-4e4d-80f0-8935d1b616e4.pdf,OK
207,2024-FC-EROLLGEN-S04-141-FinalRoll-Revision2-HIN-207-WI.pdf,tcsecidels3arc-eroll-s04-bihar,v3/2024/Revision2/EROLLGEN/S04/WP/141/p-207_1bb65ebe-33fb-495d-87f3-68885faab5be.pdf,OK
208,2024-FC-EROLLGEN-S04-141-FinalRoll-Revision2-HIN-208-WI.pdf,tcsecidels3arc-eroll-s04-bihar,v3/2024/Revision2/EROLLGEN/S04/WP/141/p-208_ba805395-9701-47bd-bd5e-abe663e3f640.pdf,OK
209,2024-FC-EROLLGEN-S04-141-FinalRoll-Revision2-HIN-209-WI.pdf,tcsecidels3arc-eroll-s04-bihar,v3/2024/Revision2/EROLLGEN/S04/WP/141/p-209_3b129207-7394-44c7-ba76-85305a4b659b.pdf,OK
210,2024-FC-EROLLGEN-S04-141-FinalRoll-Revision2-HIN-210-WI.pdf,tcsecidels3arc-eroll-s04-bihar,v3/2024/Revision2/EROLLGEN/S04/WP/141/p-210_51e26ce7-13aa-410d-8df4-ec7a0b054d5d.pdf,OK
211,2024-FC-EROLLGEN-S04-141-FinalRoll-Revision2-HIN-211-WI.pdf,tcsecidels3arc-eroll-s04-bihar,v3/2024/Revision2/EROLLGEN/S04/WP/141/p-211_1f8275a3-9da2-4ba8-9280-c59b763e1d20.pdf,OK
212,2024-FC-EROLLGEN-S04-141-FinalRoll-Revision2-HIN-212-WI.pdf,tcsecidels3arc-eroll-s04-bihar,v3/2024/Revision2/EROLLGEN/S04/WP/141/p-212_6e944210-8c9f-4464-976d-99ca49c2a65f.pdf,OK
213,2024-FC-EROLLGEN-S04-141-FinalRoll-Revision2-HIN-213-WI.pdf,tcsecidels3arc-eroll-s04-bihar,v3/2024/Revision2/EROLLGEN/S04/WP/141/p-213_ca524868-6702-456b-95e2-c30b4f7c6a1e.pdf,OK
214,2024-FC-EROLLGEN-S04-141-FinalRoll-Revision2-HIN-214-WI.pdf,tcsecidels3arc-eroll-s04-bihar,v3/2024/Revision2/EROLLGEN/S04/WP/141/p-214_14e956dd-cbf0-4281-ade4-6ea5f9676676.pdf,OK
215,2024-FC-EROLLGEN-S04-141-FinalRoll-Revision2-HIN-215-WI.pdf,tcsecidels3arc-eroll-s04-bihar,v3/2024/Revision2/EROLLGEN/S04/WP/141/p-215_1f9d32fa-6efe-43d6-a261-b2514bcfd229.pdf,OK
216,2024-FC-EROLLGEN-S04-141-FinalRoll-Revision2-HIN-216-WI.pdf,tcsecidels3arc-eroll-s04-bihar,v3/2024/Revision2/EROLLGEN/S04/WP/141/p-216_c1f7e5d6-6060-44aa-bd1b-ea05503f79c8.pdf,OK
217,2024-FC-EROLLGEN-S04-141-FinalRoll-Revision2-HIN-217-WI.pdf,tcsecidels3arc-eroll-s04-bihar,v3/2024/Revision2/EROLLGEN/S04/WP/141/p-217_fff750c0-3b1b-4b70-93c2-50582a2858b6.pdf,OK
218,2024-FC-EROLLGEN-S04-141-FinalRoll-Revision2-HIN-218-WI.pdf,tcsecidels3arc-eroll-s04-bihar,v3/2024/Revision2/EROLLGEN/S04/WP/141/p-218_547e1aae-a054-4f52-b8cf-2034cbae8e36.pdf,OK
219,2024-FC-EROLLGEN-S04-141-FinalRoll-Revision2-HIN-219-WI.pdf,tcsecidels3arc-eroll-s04-bihar,v3/2024/Revision2/EROLLGEN/S04/WP/141/p-219_3e39b3af-9d99-4aa6-a2e9-6744bdab2591.pdf,OK
220,2024-FC-EROLLGEN-S04-141-FinalRoll-Revision2-HIN-220-WI.pdf,tcsecidels3arc-eroll-s04-bihar,v3/2024/Revision2/EROLLGEN/S04/WP/141/p-220_68cec8be-2902-41b8-8d88-bbacf2214d4a.pdf,OK
221,2024-FC-EROLLGEN-S04-141-FinalRoll-Revision2-HIN-221-WI.pdf,tcsecidels3arc-eroll-s04-bihar,v3/2024/Revision2/EROLLGEN/S04/WP/141/p-221_5565d690-8bd2-424c-96e4-814e32b66588.pdf,OK
222,2024-FC-EROLLGEN-S04-141-FinalRoll-Revision2-HIN-222-WI.pdf,tcsecidels3arc-eroll-s04-bihar,v3/2024/Revision2/EROLLGEN/S04/WP/141/p-222_adf78047-dc5c-4994-a0f1-f3ee6a628252.pdf,OK
223,2024-FC-EROLLGEN-S04-141-FinalRoll-Revision2-HIN-223-WI.pdf,tcsecidels3arc-eroll-s04-bihar,v3/2024/Revision2/EROLLGEN/S04/WP/141/p-223_95097197-4aec-44b0-8e51-4ba3964a0a80.pdf,OK
224,2024-FC-EROLLGEN-S04-141-FinalRoll-Revision2-HIN-224-WI.pdf,tcsecidels3arc-eroll-s04-bihar,v3/2024/Revision2/EROLLGEN/S04/WP/141/p-224_40df1412-363b-4ed0-b2be-e75d350971b4.pdf,OK
225,2024-FC-EROLLGEN-S04-141-FinalRoll-Revision2-HIN-225-WI.pdf,tcsecidels3arc-eroll-s04-bihar,v3/2024/Revision2/EROLLGEN/S04/WP/141/p-225_60bcbe6a-0eaf-4b9d-ad7a-b73316581fb9.pdf,OK
226,2024-FC-EROLLGEN-S04-141-FinalRoll-Revision2-HIN-226-WI.pdf,tcsecidels3arc-eroll-s04-bihar,v3/2024/Revision2/EROLLGEN/S04/WP/141/p-226_7a17cecf-e337-4d93-9145-9c8fa4cf3712.pdf,OK
227,2024-FC-EROLLGEN-S04-141-FinalRoll-Revision2-HIN-227-WI.pdf,tcsecidels3arc-eroll-s04-bihar,v3/2024/Revision2/EROLLGEN/S04/WP/141/p-227_035b36c1-04b1-4716-9bc8-237f4501a606.pdf,OK
228,2024-FC-EROLLGEN-S04-141-FinalRoll-Revision2-HIN-228-WI.pdf,tcsecidels3arc-eroll-s04-bihar,v3/2024/Revision2/EROLLGEN/S04/WP/141/p-228_dace0b62-eb56-40dc-aa0b-cc2aed36446b.pdf,OK
229,2024-FC-EROLLGEN-S04-141-FinalRoll-Revision2-HIN-229-WI.pdf,tcsecidels3arc-eroll-s04-bihar,v3/2024/Revision2/EROLLGEN/S04/WP/141/p-229_f33495a7-7726-4671-8d55-ac884ee6887f.pdf,OK
230,2024-FC-EROLLGEN-S04-141-FinalRoll-Revision2-HIN-230-WI.pdf,tcsecidels3arc-eroll-s04-bihar,v3/2024/Revision2/EROLLGEN/S04/WP/141/p-230_1cfde27b-6819-43c5-bee0-d4b7c5c01c94.pdf,OK
231,2024-FC-EROLLGEN-S04-141-FinalRoll-Revision2-HIN-231-WI.pdf,tcsecidels3arc-eroll-s04-bihar,v3/2024/Revision2/EROLLGEN/S04/WP/141/p-231_be5e30d1-4863-4ca3-b5a7-3d52f8275c1c.pdf,OK
232,2024-FC-EROLLGEN-S04-141-FinalRoll-Revision2-HIN-232-WI.pdf,tcsecidels3arc-eroll-s04-bihar,v3/2024/Revision2/EROLLGEN/S04/WP/141/p-232_2650b599-ed1f-4588-aeae-f7bc32ce503c.pdf,OK
233,2024-FC-EROLLGEN-S04-141-FinalRoll-Revision2-HIN-233-WI.pdf,tcsecidels3arc-eroll-s04-bihar,v3/2024/Revision2/EROLLGEN/S04/WP/141/p-233_cba0bd06-0ebd-48c9-977a-167808401339.pdf,OK
234,2024-FC-EROLLGEN-S04-141-FinalRoll-Revision2-HIN-234-WI.pdf,tcsecidels3arc-eroll-s04-bihar,v3/2024/Revision2/EROLLGEN/S04/WP/141/p-234_c988f67c-76dd-4632-b902-9100ebb66f1f.pdf,OK
235,2024-FC-EROLLGEN-S04-141-FinalRoll-Revision2-HIN-235-WI.pdf,tcsecidels3arc-eroll-s04-bihar,v3/2024/Revision2/EROLLGEN/S04/WP/141/p-235_ba55c17c-1f11-40d1-a3aa-b3553fb0353d.pdf,OK
236,2024-FC-EROLLGEN-S04-141-FinalRoll-Revision2-HIN-236-WI.pdf,tcsecidels3arc-eroll-s04-bihar,v3/2024/Revision2/EROLLGEN/S04/WP/141/p-236_c33529f2-0d5f-4da2-a57d-5fff037a3e1a.pdf,OK
237,2024-FC-EROLLGEN-S04-141-FinalRoll-Revision2-HIN-237-WI.pdf,tcsecidels3arc-eroll-s04-bihar,v3/2024/Revision2/EROLLGEN/S04/WP/141/p-237_9acf5ecc-a6d6-4178-9a8d-c38ed17ee9e7.pdf,OK
238,2024-FC-EROLLGEN-S04-141-FinalRoll-Revision2-HIN-238-WI.pdf,tcsecidels3arc-eroll-s04-bihar,v3/2024/Revision2/EROLLGEN/S04/WP/141/p-238_79e0d031-f33a-48e6-8051-614d6d065a41.pdf,OK
239,2024-FC-EROLLGEN-S04-141-FinalRoll-Revision2-HIN-239-WI.pdf,tcsecidels3arc-eroll-s04-bihar,v3/2024/Revision2/EROLLGEN/S04/WP/141/p-239_781e3b5a-f8ef-43fa-a774-5139c39ad22c.pdf,OK
240,2024-FC-EROLLGEN-S04-141-FinalRoll-Revision2-HIN-240-WI.pdf,tcsecidels3arc-eroll-s04-bihar,v3/2024/Revision2/EROLLGEN/S04/WP/141/p-240_8da7533c-755f-405f-ba4f-309291c157b5.pdf,OK
241,2024-FC-EROLLGEN-S04-141-FinalRoll-Revision2-HIN-241-WI.pdf,tcsecidels3arc-eroll-s04-bihar,v3/2024/Revision2/EROLLGEN/S04/WP/141/p-241_b655060c-e953-4fd3-b32c-1f6baf8c75a7.pdf,OK
242,2024-FC-EROLLGEN-S04-141-FinalRoll-Revision2-HIN-242-WI.pdf,tcsecidels3arc-eroll-s04-bihar,v3/2024/Revision2/EROLLGEN/S04/WP/141/p-242_a2f52696-db7a-445b-8b44-1eb76a8a1d39.pdf,OK
243,2024-FC-EROLLGEN-S04-141-FinalRoll-Revision2-HIN-243-WI.pdf,tcsecidels3arc-eroll-s04-bihar,v3/2024/Revision2/EROLLGEN/S04/WP/141/p-243_b454ef3a-f298-43ec-ac57-9ca2ce2a68e6.pdf,OK
244,2024-FC-EROLLGEN-S04-141-FinalRoll-Revision2-HIN-244-WI.pdf,tcsecidels3arc-eroll-s04-bihar,v3/2024/Revision2/EROLLGEN/S04/WP/141/p-244_5b55291b-c87a-4f57-8426-180216444e59.pdf,OK
245,2024-FC-EROLLGEN-S04-141-FinalRoll-Revision2-HIN-245-WI.pdf,tcsecidels3arc-eroll-s04-bihar,v3/2024/Revision2/EROLLGEN/S04/WP/141/p-245_4f981691-be74-4c40-9187-caf4f430e6d8.pdf,OK
246,2024-FC-EROLLGEN-S04-141-FinalRoll-Revision2-HIN-246-WI.pdf,tcsecidels3arc-eroll-s04-bihar,v3/2024/Revision2/EROLLGEN/S04/WP/141/p-246_45a2821c-2e7b-483a-9eed-c0d956da4ea0.pdf,OK
247,2024-FC-EROLLGEN-S04-141-FinalRoll-Revision2-HIN-247-WI.pdf,tcsecidels3arc-eroll-s04-bihar,v3/2024/Revision2/EROLLGEN/S04/WP/141/p-247_da2bf96e-e7ce-4305-8a42-b8ca34811651.pdf,OK
248,,,,MISSING
249,,,,MISSING
250,,,,MISSING
251,,,,MISSING
252,,,,MISSING
253,,,,MISSING
254,,,,MISSING
255,,,,MISSING
256,,,,MISSING
257,,,,MISSING
258,,,,MISSING
259,,,,MISSING
260,,,,MISSING
261,,,,MISSING
262,,,,MISSING
263,,,,MISSING
264,,,,MISSING
265,,,,MISSING
266,,,,MISSING
267,,,,MISSING
268,,,,MISSING
269,,,,MISSING
270,,,,MISSING
271,,,,MISSING
272,,,,MISSING
273,,,,MISSING
274,,,,MISSING
275,,,,MISSING
276,,,,MISSING
277,,,,MISSING
278,,,,MISSING
279,,,,MISSING
280,,,,MISSING
281,,,,MISSING
282,,,,MISSING
283,,,,MISSING
284,,,,MISSING
285,,,,MISSING
286,,,,MISSING
287,,,,MISSING
288,,,,MISSING
289,,,,MISSING
290,,,,MISSING
291,,,,MISSING
292,,,,MISSING
293,,,,MISSING
294,,,,MISSING
295,,,,MISSING
296,,,,MISSING
297,,,,MISSING
298,,,,MISSING
299,,,,MISSING
300,,,,MISSING
301,,,,MISSING
302,,,,MISSING
303,,,,MISSING
304,,,,MISSING
305,,,,MISSING
306,,,,MISSING
307,,,,MISSING
308,,,,MISSING
309,,,,MISSING
310,,,,MISSING
311,,,,MISSING
312,,,,MISSING
313,,,,MISSING
314,,,,MISSING
315,,,,MISSING
316,,,,MISSING
317,,,,MISSING
318,,,,MISSING
319,,,,MISSING
320,,,,MISSING
321,,,,MISSING
322,,,,MISSING
323,,,,MISSING
324,,,,MISSING
325,,,,MISSING
326,,,,MISSING
327,,,,MISSING
328,,,,MISSING
329,,,,MISSING
330,,,,MISSING
331,,,,MISSING
332,,,,MISSING
333,,,,MISSING
334,,,,MISSING
335,,,,MISSING
336,,,,MISSING
337,,,,MISSING
338,,,,MISSING
339,,,,MISSING
340,,,,MISSING
341,,,,MISSING
342,,,,MISSING
343,,,,MISSING
344,,,,MISSING
345,,,,MISSING
346,,,,MISSING
347,,,,MISSING
348,,,,MISSING
349,,,,MISSING
350,,,,MISSING
351,,,,MISSING
