partNumber,found,fileUuid,refId,bucketName
1,True,v3/2024/Revision2/EROLLGEN/S04/WP/29/p-1_6d620dac-a83f-4542-b6dc-0c3d22484c5f.pdf,2024-FC-EROLLGEN-S04-29-FinalRoll-Revision2-HIN-1-WI.pdf,tcsecidels3arc-eroll-s04-bihar
2,True,v3/2024/Revision2/EROLLGEN/S04/WP/29/p-2_1b383f56-dfea-4323-8437-34a20858b63c.pdf,2024-FC-EROLLGEN-S04-29-FinalRoll-Revision2-HIN-2-WI.pdf,tcsecidels3arc-eroll-s04-bihar
3,True,v3/2024/Revision2/EROLLGEN/S04/WP/29/p-3_1a044bb9-41e7-4cc0-865d-522dd81424b2.pdf,2024-FC-EROLLGEN-S04-29-FinalRoll-Revision2-HIN-3-WI.pdf,tcsecidels3arc-eroll-s04-bihar
4,True,v3/2024/Revision2/EROLLGEN/S04/WP/29/p-4_9a865b5b-8d37-4c8b-aecc-a29a0bf5a2e8.pdf,2024-FC-EROLLGEN-S04-29-FinalRoll-Revision2-HIN-4-WI.pdf,tcsecidels3arc-eroll-s04-bihar
5,True,v3/2024/Revision2/EROLLGEN/S04/WP/29/p-5_d7c6695b-03fb-4c61-8874-aa86937abf10.pdf,2024-FC-EROLLGEN-S04-29-FinalRoll-Revision2-HIN-5-WI.pdf,tcsecidels3arc-eroll-s04-bihar
6,True,v3/2024/Revision2/EROLLGEN/S04/WP/29/p-6_26773dc3-37e0-4bb2-93ef-6a68775639b5.pdf,2024-FC-EROLLGEN-S04-29-FinalRoll-Revision2-HIN-6-WI.pdf,tcsecidels3arc-eroll-s04-bihar
7,True,v3/2024/Revision2/EROLLGEN/S04/WP/29/p-7_b58f9fdc-b7b6-449b-b146-68bf4f527356.pdf,2024-FC-EROLLGEN-S04-29-FinalRoll-Revision2-HIN-7-WI.pdf,tcsecidels3arc-eroll-s04-bihar
8,True,v3/2024/Revision2/EROLLGEN/S04/WP/29/p-8_64762671-9f00-4345-bc28-122580f7ddaa.pdf,2024-FC-EROLLGEN-S04-29-FinalRoll-Revision2-HIN-8-WI.pdf,tcsecidels3arc-eroll-s04-bihar
9,True,v3/2024/Revision2/EROLLGEN/S04/WP/29/p-9_dc159bed-abb0-4718-af7a-17a38efe54dc.pdf,2024-FC-EROLLGEN-S04-29-FinalRoll-Revision2-HIN-9-WI.pdf,tcsecidels3arc-eroll-s04-bihar
10,True,v3/2024/Revision2/EROLLGEN/S04/WP/29/p-10_868b1083-0959-40cb-a10d-5d7cf2ca11ea.pdf,2024-FC-EROLLGEN-S04-29-FinalRoll-Revision2-HIN-10-WI.pdf,tcsecidels3arc-eroll-s04-bihar
11,True,v3/2024/Revision2/EROLLGEN/S04/WP/29/p-11_30ba645f-d8a3-4768-b811-4b43cf555545.pdf,2024-FC-EROLLGEN-S04-29-FinalRoll-Revision2-HIN-11-WI.pdf,tcsecidels3arc-eroll-s04-bihar
12,True,v3/2024/Revision2/EROLLGEN/S04/WP/29/p-12_6c777df8-f67a-43e3-9796-3b6b3bb3221e.pdf,2024-FC-EROLLGEN-S04-29-FinalRoll-Revision2-HIN-12-WI.pdf,tcsecidels3arc-eroll-s04-bihar
13,True,v3/2024/Revision2/EROLLGEN/S04/WP/29/p-13_1bfd2987-bb96-4295-8568-bfe69360170f.pdf,2024-FC-EROLLGEN-S04-29-FinalRoll-Revision2-HIN-13-WI.pdf,tcsecidels3arc-eroll-s04-bihar
14,True,v3/2024/Revision2/EROLLGEN/S04/WP/29/p-14_fea68c7a-0246-4680-a571-1b1280fde4d7.pdf,2024-FC-EROLLGEN-S04-29-FinalRoll-Revision2-HIN-14-WI.pdf,tcsecidels3arc-eroll-s04-bihar
15,True,v3/2024/Revision2/EROLLGEN/S04/WP/29/p-15_e32114b5-eda9-43e2-b8d9-04ac85b107b6.pdf,2024-FC-EROLLGEN-S04-29-FinalRoll-Revision2-HIN-15-WI.pdf,tcsecidels3arc-eroll-s04-bihar
16,True,v3/2024/Revision2/EROLLGEN/S04/WP/29/p-16_078828c2-4527-4e4e-987d-75c4ebfe322f.pdf,2024-FC-EROLLGEN-S04-29-FinalRoll-Revision2-HIN-16-WI.pdf,tcsecidels3arc-eroll-s04-bihar
17,True,v3/2024/Revision2/EROLLGEN/S04/WP/29/p-17_01215358-871b-4536-b5bf-211d28e56dac.pdf,2024-FC-EROLLGEN-S04-29-FinalRoll-Revision2-HIN-17-WI.pdf,tcsecidels3arc-eroll-s04-bihar
18,True,v3/2024/Revision2/EROLLGEN/S04/WP/29/p-18_a12091e7-df1d-45d5-9620-7914579808a9.pdf,2024-FC-EROLLGEN-S04-29-FinalRoll-Revision2-HIN-18-WI.pdf,tcsecidels3arc-eroll-s04-bihar
19,True,v3/2024/Revision2/EROLLGEN/S04/WP/29/p-19_be59cf45-82a1-4c0b-8272-4c408c055501.pdf,2024-FC-EROLLGEN-S04-29-FinalRoll-Revision2-HIN-19-WI.pdf,tcsecidels3arc-eroll-s04-bihar
20,True,v3/2024/Revision2/EROLLGEN/S04/WP/29/p-20_be597808-a1c9-4b60-84c6-d91b18141dfc.pdf,2024-FC-EROLLGEN-S04-29-FinalRoll-Revision2-HIN-20-WI.pdf,tcsecidels3arc-eroll-s04-bihar
21,True,v3/2024/Revision2/EROLLGEN/S04/WP/29/p-21_e8c6235a-77aa-45d0-8297-93adb3bad5ef.pdf,2024-FC-EROLLGEN-S04-29-FinalRoll-Revision2-HIN-21-WI.pdf,tcsecidels3arc-eroll-s04-bihar
22,True,v3/2024/Revision2/EROLLGEN/S04/WP/29/p-22_9713c3e5-ed19-4a2c-97b6-385e66f86290.pdf,2024-FC-EROLLGEN-S04-29-FinalRoll-Revision2-HIN-22-WI.pdf,tcsecidels3arc-eroll-s04-bihar
23,True,v3/2024/Revision2/EROLLGEN/S04/WP/29/p-23_8e807ac8-8523-4a72-adff-a08308cb1ef7.pdf,2024-FC-EROLLGEN-S04-29-FinalRoll-Revision2-HIN-23-WI.pdf,tcsecidels3arc-eroll-s04-bihar
24,True,v3/2024/Revision2/EROLLGEN/S04/WP/29/p-24_3d3cabb7-e0c9-43cf-94cf-937ff7cdc478.pdf,2024-FC-EROLLGEN-S04-29-FinalRoll-Revision2-HIN-24-WI.pdf,tcsecidels3arc-eroll-s04-bihar
25,True,v3/2024/Revision2/EROLLGEN/S04/WP/29/p-25_1ca42151-3604-41a4-b2cd-dd67fe374f2d.pdf,2024-FC-EROLLGEN-S04-29-FinalRoll-Revision2-HIN-25-WI.pdf,tcsecidels3arc-eroll-s04-bihar
26,True,v3/2024/Revision2/EROLLGEN/S04/WP/29/p-26_dcf469d2-46c5-4dbe-96a6-8cf4b99ec8ca.pdf,2024-FC-EROLLGEN-S04-29-FinalRoll-Revision2-HIN-26-WI.pdf,tcsecidels3arc-eroll-s04-bihar
27,True,v3/2024/Revision2/EROLLGEN/S04/WP/29/p-27_4d15ca10-4684-4274-a418-0805c8896595.pdf,2024-FC-EROLLGEN-S04-29-FinalRoll-Revision2-HIN-27-WI.pdf,tcsecidels3arc-eroll-s04-bihar
28,True,v3/2024/Revision2/EROLLGEN/S04/WP/29/p-28_3d7df544-b2c7-4772-bea0-708e1bcd041d.pdf,2024-FC-EROLLGEN-S04-29-FinalRoll-Revision2-HIN-28-WI.pdf,tcsecidels3arc-eroll-s04-bihar
29,True,v3/2024/Revision2/EROLLGEN/S04/WP/29/p-29_9a615487-9e9f-4e79-b8ef-1a1b9652606b.pdf,2024-FC-EROLLGEN-S04-29-FinalRoll-Revision2-HIN-29-WI.pdf,tcsecidels3arc-eroll-s04-bihar
30,True,v3/2024/Revision2/EROLLGEN/S04/WP/29/p-30_63751fb9-11c4-4c1d-a33a-821da35c780b.pdf,2024-FC-EROLLGEN-S04-29-FinalRoll-Revision2-HIN-30-WI.pdf,tcsecidels3arc-eroll-s04-bihar
31,True,v3/2024/Revision2/EROLLGEN/S04/WP/29/p-31_dd1791e0-1b46-44b0-a171-ccf1d2bb1bf3.pdf,2024-FC-EROLLGEN-S04-29-FinalRoll-Revision2-HIN-31-WI.pdf,tcsecidels3arc-eroll-s04-bihar
32,True,v3/2024/Revision2/EROLLGEN/S04/WP/29/p-32_45e992c7-0aed-4a76-b227-52ccff75c717.pdf,2024-FC-EROLLGEN-S04-29-FinalRoll-Revision2-HIN-32-WI.pdf,tcsecidels3arc-eroll-s04-bihar
33,True,v3/2024/Revision2/EROLLGEN/S04/WP/29/p-33_800d18d3-2879-43ca-9151-fcbb9ec53bb4.pdf,2024-FC-EROLLGEN-S04-29-FinalRoll-Revision2-HIN-33-WI.pdf,tcsecidels3arc-eroll-s04-bihar
34,True,v3/2024/Revision2/EROLLGEN/S04/WP/29/p-34_6051d5cc-75e3-4662-9bd9-50798b2be455.pdf,2024-FC-EROLLGEN-S04-29-FinalRoll-Revision2-HIN-34-WI.pdf,tcsecidels3arc-eroll-s04-bihar
35,True,v3/2024/Revision2/EROLLGEN/S04/WP/29/p-35_634c04ca-3eb6-4fd9-9c4a-be7f5f00fbf2.pdf,2024-FC-EROLLGEN-S04-29-FinalRoll-Revision2-HIN-35-WI.pdf,tcsecidels3arc-eroll-s04-bihar
36,True,v3/2024/Revision2/EROLLGEN/S04/WP/29/p-36_ff2d7902-8639-4404-9468-aaac2bdcd5ef.pdf,2024-FC-EROLLGEN-S04-29-FinalRoll-Revision2-HIN-36-WI.pdf,tcsecidels3arc-eroll-s04-bihar
37,True,v3/2024/Revision2/EROLLGEN/S04/WP/29/p-37_0467c5c3-bc4e-4b04-9aa5-41d5f9471867.pdf,2024-FC-EROLLGEN-S04-29-FinalRoll-Revision2-HIN-37-WI.pdf,tcsecidels3arc-eroll-s04-bihar
38,True,v3/2024/Revision2/EROLLGEN/S04/WP/29/p-38_860cb12e-5185-4db1-b796-b602c75ed590.pdf,2024-FC-EROLLGEN-S04-29-FinalRoll-Revision2-HIN-38-WI.pdf,tcsecidels3arc-eroll-s04-bihar
39,True,v3/2024/Revision2/EROLLGEN/S04/WP/29/p-39_69a2a93e-c93a-4e10-bd07-dcf2d7ecbd11.pdf,2024-FC-EROLLGEN-S04-29-FinalRoll-Revision2-HIN-39-WI.pdf,tcsecidels3arc-eroll-s04-bihar
40,True,v3/2024/Revision2/EROLLGEN/S04/WP/29/p-40_b4927740-5086-42af-98cd-ac1e01b5d965.pdf,2024-FC-EROLLGEN-S04-29-FinalRoll-Revision2-HIN-40-WI.pdf,tcsecidels3arc-eroll-s04-bihar
41,True,v3/2024/Revision2/EROLLGEN/S04/WP/29/p-41_f0bda770-57ca-4ee6-a769-b09fde130609.pdf,2024-FC-EROLLGEN-S04-29-FinalRoll-Revision2-HIN-41-WI.pdf,tcsecidels3arc-eroll-s04-bihar
42,True,v3/2024/Revision2/EROLLGEN/S04/WP/29/p-42_4b67a453-fa1c-4e26-892f-fc83f3a544dd.pdf,2024-FC-EROLLGEN-S04-29-FinalRoll-Revision2-HIN-42-WI.pdf,tcsecidels3arc-eroll-s04-bihar
43,True,v3/2024/Revision2/EROLLGEN/S04/WP/29/p-43_b141c46d-caed-4332-85e3-a46ca72380c4.pdf,2024-FC-EROLLGEN-S04-29-FinalRoll-Revision2-HIN-43-WI.pdf,tcsecidels3arc-eroll-s04-bihar
44,True,v3/2024/Revision2/EROLLGEN/S04/WP/29/p-44_c99cce97-ddcc-4ae3-9985-79e241b4c6a0.pdf,2024-FC-EROLLGEN-S04-29-FinalRoll-Revision2-HIN-44-WI.pdf,tcsecidels3arc-eroll-s04-bihar
45,True,v3/2024/Revision2/EROLLGEN/S04/WP/29/p-45_4419741d-9c55-4de2-a5fb-8a3ec0fe6d78.pdf,2024-FC-EROLLGEN-S04-29-FinalRoll-Revision2-HIN-45-WI.pdf,tcsecidels3arc-eroll-s04-bihar
46,True,v3/2024/Revision2/EROLLGEN/S04/WP/29/p-46_f6224a26-322c-43b2-ab1e-bf9744cc5fa8.pdf,2024-FC-EROLLGEN-S04-29-FinalRoll-Revision2-HIN-46-WI.pdf,tcsecidels3arc-eroll-s04-bihar
47,True,v3/2024/Revision2/EROLLGEN/S04/WP/29/p-47_717bc79a-9ef9-4c9c-982d-619b30a90c6f.pdf,2024-FC-EROLLGEN-S04-29-FinalRoll-Revision2-HIN-47-WI.pdf,tcsecidels3arc-eroll-s04-bihar
48,True,v3/2024/Revision2/EROLLGEN/S04/WP/29/p-48_401dcfbc-473f-40e8-aaf4-b16ae58e3719.pdf,2024-FC-EROLLGEN-S04-29-FinalRoll-Revision2-HIN-48-WI.pdf,tcsecidels3arc-eroll-s04-bihar
49,True,v3/2024/Revision2/EROLLGEN/S04/WP/29/p-49_293cb83f-dca2-41c8-9e3d-0af1196ca8f5.pdf,2024-FC-EROLLGEN-S04-29-FinalRoll-Revision2-HIN-49-WI.pdf,tcsecidels3arc-eroll-s04-bihar
50,True,v3/2024/Revision2/EROLLGEN/S04/WP/29/p-50_60aadebd-3c30-440e-adfb-1d5171f7e2e1.pdf,2024-FC-EROLLGEN-S04-29-FinalRoll-Revision2-HIN-50-WI.pdf,tcsecidels3arc-eroll-s04-bihar
51,True,v3/2024/Revision2/EROLLGEN/S04/WP/29/p-51_bf1b31c0-aafd-4ee5-b6cb-275695d1bfe3.pdf,2024-FC-EROLLGEN-S04-29-FinalRoll-Revision2-HIN-51-WI.pdf,tcsecidels3arc-eroll-s04-bihar
52,True,v3/2024/Revision2/EROLLGEN/S04/WP/29/p-52_6dd548b5-a250-4f20-9f36-ad709810be83.pdf,2024-FC-EROLLGEN-S04-29-FinalRoll-Revision2-HIN-52-WI.pdf,tcsecidels3arc-eroll-s04-bihar
53,True,v3/2024/Revision2/EROLLGEN/S04/WP/29/p-53_3a315621-816a-437e-92b8-c0fbc3e44bec.pdf,2024-FC-EROLLGEN-S04-29-FinalRoll-Revision2-HIN-53-WI.pdf,tcsecidels3arc-eroll-s04-bihar
54,True,v3/2024/Revision2/EROLLGEN/S04/WP/29/p-54_0178a4a9-5e59-42e1-9a7b-f9007248bdc0.pdf,2024-FC-EROLLGEN-S04-29-FinalRoll-Revision2-HIN-54-WI.pdf,tcsecidels3arc-eroll-s04-bihar
55,True,v3/2024/Revision2/EROLLGEN/S04/WP/29/p-55_0f868848-98d7-4f00-b501-a584fc266e63.pdf,2024-FC-EROLLGEN-S04-29-FinalRoll-Revision2-HIN-55-WI.pdf,tcsecidels3arc-eroll-s04-bihar
56,True,v3/2024/Revision2/EROLLGEN/S04/WP/29/p-56_fa262882-1900-42a2-b32d-bf5bfe450943.pdf,2024-FC-EROLLGEN-S04-29-FinalRoll-Revision2-HIN-56-WI.pdf,tcsecidels3arc-eroll-s04-bihar
57,True,v3/2024/Revision2/EROLLGEN/S04/WP/29/p-57_82f4a78c-00eb-4cbf-ad35-3e35c0cd85f8.pdf,2024-FC-EROLLGEN-S04-29-FinalRoll-Revision2-HIN-57-WI.pdf,tcsecidels3arc-eroll-s04-bihar
58,True,v3/2024/Revision2/EROLLGEN/S04/WP/29/p-58_c14d7525-e956-4c5a-b821-7bd704e24ad0.pdf,2024-FC-EROLLGEN-S04-29-FinalRoll-Revision2-HIN-58-WI.pdf,tcsecidels3arc-eroll-s04-bihar
59,True,v3/2024/Revision2/EROLLGEN/S04/WP/29/p-59_a87f7721-2fb5-438e-9975-920de2aff873.pdf,2024-FC-EROLLGEN-S04-29-FinalRoll-Revision2-HIN-59-WI.pdf,tcsecidels3arc-eroll-s04-bihar
60,True,v3/2024/Revision2/EROLLGEN/S04/WP/29/p-60_fa29bda2-ae33-4377-b4a0-a0176338d636.pdf,2024-FC-EROLLGEN-S04-29-FinalRoll-Revision2-HIN-60-WI.pdf,tcsecidels3arc-eroll-s04-bihar
61,True,v3/2024/Revision2/EROLLGEN/S04/WP/29/p-61_ee55a177-3c3f-49ea-a382-3111b0237d48.pdf,2024-FC-EROLLGEN-S04-29-FinalRoll-Revision2-HIN-61-WI.pdf,tcsecidels3arc-eroll-s04-bihar
62,True,v3/2024/Revision2/EROLLGEN/S04/WP/29/p-62_1696f702-420a-4dad-87ed-f634399fed0e.pdf,2024-FC-EROLLGEN-S04-29-FinalRoll-Revision2-HIN-62-WI.pdf,tcsecidels3arc-eroll-s04-bihar
63,True,v3/2024/Revision2/EROLLGEN/S04/WP/29/p-63_fdd7a8cb-f401-4ee5-88e4-3059b8b5c835.pdf,2024-FC-EROLLGEN-S04-29-FinalRoll-Revision2-HIN-63-WI.pdf,tcsecidels3arc-eroll-s04-bihar
64,True,v3/2024/Revision2/EROLLGEN/S04/WP/29/p-64_1d926ac4-6cd5-4fa4-9ed5-ba1be93b4f98.pdf,2024-FC-EROLLGEN-S04-29-FinalRoll-Revision2-HIN-64-WI.pdf,tcsecidels3arc-eroll-s04-bihar
65,True,v3/2024/Revision2/EROLLGEN/S04/WP/29/p-65_649f3eac-822d-44a2-a49a-1bd02c17e3e7.pdf,2024-FC-EROLLGEN-S04-29-FinalRoll-Revision2-HIN-65-WI.pdf,tcsecidels3arc-eroll-s04-bihar
66,True,v3/2024/Revision2/EROLLGEN/S04/WP/29/p-66_b56abe34-6e51-4db2-a153-9de87dbf1d08.pdf,2024-FC-EROLLGEN-S04-29-FinalRoll-Revision2-HIN-66-WI.pdf,tcsecidels3arc-eroll-s04-bihar
67,True,v3/2024/Revision2/EROLLGEN/S04/WP/29/p-67_74b8178b-df06-41a6-9d12-26807467852e.pdf,2024-FC-EROLLGEN-S04-29-FinalRoll-Revision2-HIN-67-WI.pdf,tcsecidels3arc-eroll-s04-bihar
68,True,v3/2024/Revision2/EROLLGEN/S04/WP/29/p-68_69196e94-70c6-4d50-8e4d-8ec777e8be65.pdf,2024-FC-EROLLGEN-S04-29-FinalRoll-Revision2-HIN-68-WI.pdf,tcsecidels3arc-eroll-s04-bihar
69,True,v3/2024/Revision2/EROLLGEN/S04/WP/29/p-69_e611e376-90de-4d1c-89bd-a5cfc9aadb70.pdf,2024-FC-EROLLGEN-S04-29-FinalRoll-Revision2-HIN-69-WI.pdf,tcsecidels3arc-eroll-s04-bihar
70,True,v3/2024/Revision2/EROLLGEN/S04/WP/29/p-70_5c311a99-4790-43a9-a3d8-7fd791b37ea9.pdf,2024-FC-EROLLGEN-S04-29-FinalRoll-Revision2-HIN-70-WI.pdf,tcsecidels3arc-eroll-s04-bihar
71,True,v3/2024/Revision2/EROLLGEN/S04/WP/29/p-71_ce046ba7-6e9c-4ac9-bbb6-54e4d0fde854.pdf,2024-FC-EROLLGEN-S04-29-FinalRoll-Revision2-HIN-71-WI.pdf,tcsecidels3arc-eroll-s04-bihar
72,True,v3/2024/Revision2/EROLLGEN/S04/WP/29/p-72_bb3bc131-45f3-4105-bf5a-b05e38d63b9e.pdf,2024-FC-EROLLGEN-S04-29-FinalRoll-Revision2-HIN-72-WI.pdf,tcsecidels3arc-eroll-s04-bihar
73,True,v3/2024/Revision2/EROLLGEN/S04/WP/29/p-73_73612526-ed38-42ff-84ad-1cba734c6d76.pdf,2024-FC-EROLLGEN-S04-29-FinalRoll-Revision2-HIN-73-WI.pdf,tcsecidels3arc-eroll-s04-bihar
74,True,v3/2024/Revision2/EROLLGEN/S04/WP/29/p-74_41079341-c2f6-4e2e-8644-189518513c41.pdf,2024-FC-EROLLGEN-S04-29-FinalRoll-Revision2-HIN-74-WI.pdf,tcsecidels3arc-eroll-s04-bihar
75,True,v3/2024/Revision2/EROLLGEN/S04/WP/29/p-75_57c2a5fa-8d49-4483-a93b-8a6ff011fcc0.pdf,2024-FC-EROLLGEN-S04-29-FinalRoll-Revision2-HIN-75-WI.pdf,tcsecidels3arc-eroll-s04-bihar
76,True,v3/2024/Revision2/EROLLGEN/S04/WP/29/p-76_6e9acc15-22fe-4352-888c-4427562a6c81.pdf,2024-FC-EROLLGEN-S04-29-FinalRoll-Revision2-HIN-76-WI.pdf,tcsecidels3arc-eroll-s04-bihar
77,True,v3/2024/Revision2/EROLLGEN/S04/WP/29/p-77_b98222cd-c9e6-4158-b1cb-137c4c205db4.pdf,2024-FC-EROLLGEN-S04-29-FinalRoll-Revision2-HIN-77-WI.pdf,tcsecidels3arc-eroll-s04-bihar
78,True,v3/2024/Revision2/EROLLGEN/S04/WP/29/p-78_9dc40f35-3223-44be-a120-72db21d0d477.pdf,2024-FC-EROLLGEN-S04-29-FinalRoll-Revision2-HIN-78-WI.pdf,tcsecidels3arc-eroll-s04-bihar
79,True,v3/2024/Revision2/EROLLGEN/S04/WP/29/p-79_f27b1905-ad4d-4002-8239-2600b84bb199.pdf,2024-FC-EROLLGEN-S04-29-FinalRoll-Revision2-HIN-79-WI.pdf,tcsecidels3arc-eroll-s04-bihar
80,True,v3/2024/Revision2/EROLLGEN/S04/WP/29/p-80_b4383ee4-7316-40b2-9c8d-7112a0c8b19a.pdf,2024-FC-EROLLGEN-S04-29-FinalRoll-Revision2-HIN-80-WI.pdf,tcsecidels3arc-eroll-s04-bihar
81,True,v3/2024/Revision2/EROLLGEN/S04/WP/29/p-81_b7a37a63-a73d-4ca4-9f94-74bd33770b3b.pdf,2024-FC-EROLLGEN-S04-29-FinalRoll-Revision2-HIN-81-WI.pdf,tcsecidels3arc-eroll-s04-bihar
82,True,v3/2024/Revision2/EROLLGEN/S04/WP/29/p-82_1acb15ad-7fb3-4364-a772-1d9d51896f43.pdf,2024-FC-EROLLGEN-S04-29-FinalRoll-Revision2-HIN-82-WI.pdf,tcsecidels3arc-eroll-s04-bihar
83,True,v3/2024/Revision2/EROLLGEN/S04/WP/29/p-83_9596ed96-2962-4ab6-8d5f-7425dbec96b7.pdf,2024-FC-EROLLGEN-S04-29-FinalRoll-Revision2-HIN-83-WI.pdf,tcsecidels3arc-eroll-s04-bihar
84,True,v3/2024/Revision2/EROLLGEN/S04/WP/29/p-84_e1b1d1b1-681e-4ed4-b591-7e4e329157c6.pdf,2024-FC-EROLLGEN-S04-29-FinalRoll-Revision2-HIN-84-WI.pdf,tcsecidels3arc-eroll-s04-bihar
85,True,v3/2024/Revision2/EROLLGEN/S04/WP/29/p-85_798680fd-e545-49be-872a-37be4d4c9e80.pdf,2024-FC-EROLLGEN-S04-29-FinalRoll-Revision2-HIN-85-WI.pdf,tcsecidels3arc-eroll-s04-bihar
86,True,v3/2024/Revision2/EROLLGEN/S04/WP/29/p-86_14ea8347-4d57-48d7-9021-003e8acd6455.pdf,2024-FC-EROLLGEN-S04-29-FinalRoll-Revision2-HIN-86-WI.pdf,tcsecidels3arc-eroll-s04-bihar
87,True,v3/2024/Revision2/EROLLGEN/S04/WP/29/p-87_28e27a09-6427-44bf-b903-29a61bf84793.pdf,2024-FC-EROLLGEN-S04-29-FinalRoll-Revision2-HIN-87-WI.pdf,tcsecidels3arc-eroll-s04-bihar
88,True,v3/2024/Revision2/EROLLGEN/S04/WP/29/p-88_3da03234-19cc-494b-a737-7f1bfc09e83e.pdf,2024-FC-EROLLGEN-S04-29-FinalRoll-Revision2-HIN-88-WI.pdf,tcsecidels3arc-eroll-s04-bihar
89,True,v3/2024/Revision2/EROLLGEN/S04/WP/29/p-89_cc5b77e0-944d-46f1-85ba-74eaace0e495.pdf,2024-FC-EROLLGEN-S04-29-FinalRoll-Revision2-HIN-89-WI.pdf,tcsecidels3arc-eroll-s04-bihar
90,True,v3/2024/Revision2/EROLLGEN/S04/WP/29/p-90_178de288-2a4a-4757-82f6-e7d7113a1f12.pdf,2024-FC-EROLLGEN-S04-29-FinalRoll-Revision2-HIN-90-WI.pdf,tcsecidels3arc-eroll-s04-bihar
91,True,v3/2024/Revision2/EROLLGEN/S04/WP/29/p-91_b6f2c2f6-d62e-4685-ac32-f51c71f099ef.pdf,2024-FC-EROLLGEN-S04-29-FinalRoll-Revision2-HIN-91-WI.pdf,tcsecidels3arc-eroll-s04-bihar
92,True,v3/2024/Revision2/EROLLGEN/S04/WP/29/p-92_855351c6-98da-4fee-803a-bbb012a9a209.pdf,2024-FC-EROLLGEN-S04-29-FinalRoll-Revision2-HIN-92-WI.pdf,tcsecidels3arc-eroll-s04-bihar
93,True,v3/2024/Revision2/EROLLGEN/S04/WP/29/p-93_817f8480-62df-48f7-880d-8a9a8fa8eaa4.pdf,2024-FC-EROLLGEN-S04-29-FinalRoll-Revision2-HIN-93-WI.pdf,tcsecidels3arc-eroll-s04-bihar
94,True,v3/2024/Revision2/EROLLGEN/S04/WP/29/p-94_6abcf1b7-1406-4093-b875-9cbd5a05dc63.pdf,2024-FC-EROLLGEN-S04-29-FinalRoll-Revision2-HIN-94-WI.pdf,tcsecidels3arc-eroll-s04-bihar
95,True,v3/2024/Revision2/EROLLGEN/S04/WP/29/p-95_89426b21-0ff5-4863-8a4b-f4c6ea749bdb.pdf,2024-FC-EROLLGEN-S04-29-FinalRoll-Revision2-HIN-95-WI.pdf,tcsecidels3arc-eroll-s04-bihar
96,True,v3/2024/Revision2/EROLLGEN/S04/WP/29/p-96_eb848317-deef-4e32-9854-43f2ac772860.pdf,2024-FC-EROLLGEN-S04-29-FinalRoll-Revision2-HIN-96-WI.pdf,tcsecidels3arc-eroll-s04-bihar
97,True,v3/2024/Revision2/EROLLGEN/S04/WP/29/p-97_9f00b4df-6659-482f-94dc-01992862c21c.pdf,2024-FC-EROLLGEN-S04-29-FinalRoll-Revision2-HIN-97-WI.pdf,tcsecidels3arc-eroll-s04-bihar
98,True,v3/2024/Revision2/EROLLGEN/S04/WP/29/p-98_de87b0b4-d948-4078-ad6a-d5875807864e.pdf,2024-FC-EROLLGEN-S04-29-FinalRoll-Revision2-HIN-98-WI.pdf,tcsecidels3arc-eroll-s04-bihar
99,True,v3/2024/Revision2/EROLLGEN/S04/WP/29/p-99_4c1bfa17-a467-4124-bb01-1c74dc450f22.pdf,2024-FC-EROLLGEN-S04-29-FinalRoll-Revision2-HIN-99-WI.pdf,tcsecidels3arc-eroll-s04-bihar
100,True,v3/2024/Revision2/EROLLGEN/S04/WP/29/p-100_a9114de6-72b4-4e87-8f92-66520313f5e7.pdf,2024-FC-EROLLGEN-S04-29-FinalRoll-Revision2-HIN-100-WI.pdf,tcsecidels3arc-eroll-s04-bihar
101,True,v3/2024/Revision2/EROLLGEN/S04/WP/29/p-101_815f8383-f88b-434b-927a-07c41ab15765.pdf,2024-FC-EROLLGEN-S04-29-FinalRoll-Revision2-HIN-101-WI.pdf,tcsecidels3arc-eroll-s04-bihar
102,True,v3/2024/Revision2/EROLLGEN/S04/WP/29/p-102_6bd187cb-4c28-42fa-bebb-11bca5ad2114.pdf,2024-FC-EROLLGEN-S04-29-FinalRoll-Revision2-HIN-102-WI.pdf,tcsecidels3arc-eroll-s04-bihar
103,True,v3/2024/Revision2/EROLLGEN/S04/WP/29/p-103_a36a9783-50f9-4bcc-8b78-1896ba1395d1.pdf,2024-FC-EROLLGEN-S04-29-FinalRoll-Revision2-HIN-103-WI.pdf,tcsecidels3arc-eroll-s04-bihar
104,True,v3/2024/Revision2/EROLLGEN/S04/WP/29/p-104_5255c3f5-efdd-4a1d-8300-f9b694acb8cc.pdf,2024-FC-EROLLGEN-S04-29-FinalRoll-Revision2-HIN-104-WI.pdf,tcsecidels3arc-eroll-s04-bihar
105,True,v3/2024/Revision2/EROLLGEN/S04/WP/29/p-105_bc9e8406-82ab-4448-b2e9-4d353416fa58.pdf,2024-FC-EROLLGEN-S04-29-FinalRoll-Revision2-HIN-105-WI.pdf,tcsecidels3arc-eroll-s04-bihar
106,True,v3/2024/Revision2/EROLLGEN/S04/WP/29/p-106_c8a7cfc4-134b-4f65-b028-a7aac3c1f688.pdf,2024-FC-EROLLGEN-S04-29-FinalRoll-Revision2-HIN-106-WI.pdf,tcsecidels3arc-eroll-s04-bihar
107,True,v3/2024/Revision2/EROLLGEN/S04/WP/29/p-107_9ff18705-1556-4b43-8ae5-27fd539a7ef6.pdf,2024-FC-EROLLGEN-S04-29-FinalRoll-Revision2-HIN-107-WI.pdf,tcsecidels3arc-eroll-s04-bihar
108,True,v3/2024/Revision2/EROLLGEN/S04/WP/29/p-108_da7bc109-9c08-41f0-9b7f-bd91766b9d00.pdf,2024-FC-EROLLGEN-S04-29-FinalRoll-Revision2-HIN-108-WI.pdf,tcsecidels3arc-eroll-s04-bihar
109,True,v3/2024/Revision2/EROLLGEN/S04/WP/29/p-109_bb25b0a4-f4b3-414f-9ba1-15ea5a1a90af.pdf,2024-FC-EROLLGEN-S04-29-FinalRoll-Revision2-HIN-109-WI.pdf,tcsecidels3arc-eroll-s04-bihar
110,True,v3/2024/Revision2/EROLLGEN/S04/WP/29/p-110_eb0f2d71-c44d-4956-bf03-fb50c566f741.pdf,2024-FC-EROLLGEN-S04-29-FinalRoll-Revision2-HIN-110-WI.pdf,tcsecidels3arc-eroll-s04-bihar
111,True,v3/2024/Revision2/EROLLGEN/S04/WP/29/p-111_b6acc81c-6cdc-4a60-91f7-30cb0c0317ca.pdf,2024-FC-EROLLGEN-S04-29-FinalRoll-Revision2-HIN-111-WI.pdf,tcsecidels3arc-eroll-s04-bihar
112,True,v3/2024/Revision2/EROLLGEN/S04/WP/29/p-112_7d60598b-b4d8-43e9-bfbc-0498a18e2693.pdf,2024-FC-EROLLGEN-S04-29-FinalRoll-Revision2-HIN-112-WI.pdf,tcsecidels3arc-eroll-s04-bihar
113,True,v3/2024/Revision2/EROLLGEN/S04/WP/29/p-113_faf33555-7950-4563-bf91-19a5edcde4d8.pdf,2024-FC-EROLLGEN-S04-29-FinalRoll-Revision2-HIN-113-WI.pdf,tcsecidels3arc-eroll-s04-bihar
114,True,v3/2024/Revision2/EROLLGEN/S04/WP/29/p-114_5272f02d-c010-4c7c-8892-a2b9824fac14.pdf,2024-FC-EROLLGEN-S04-29-FinalRoll-Revision2-HIN-114-WI.pdf,tcsecidels3arc-eroll-s04-bihar
115,True,v3/2024/Revision2/EROLLGEN/S04/WP/29/p-115_a88f0538-b9ce-42cd-8ee6-cf143f4aefa3.pdf,2024-FC-EROLLGEN-S04-29-FinalRoll-Revision2-HIN-115-WI.pdf,tcsecidels3arc-eroll-s04-bihar
116,True,v3/2024/Revision2/EROLLGEN/S04/WP/29/p-116_7376457f-f9c7-4bbe-92c3-335cfad91c92.pdf,2024-FC-EROLLGEN-S04-29-FinalRoll-Revision2-HIN-116-WI.pdf,tcsecidels3arc-eroll-s04-bihar
117,True,v3/2024/Revision2/EROLLGEN/S04/WP/29/p-117_e53564d6-f2d4-4df0-9abc-a2d98c00c304.pdf,2024-FC-EROLLGEN-S04-29-FinalRoll-Revision2-HIN-117-WI.pdf,tcsecidels3arc-eroll-s04-bihar
118,True,v3/2024/Revision2/EROLLGEN/S04/WP/29/p-118_b769279b-bb33-4f36-a1c4-5a7762031729.pdf,2024-FC-EROLLGEN-S04-29-FinalRoll-Revision2-HIN-118-WI.pdf,tcsecidels3arc-eroll-s04-bihar
119,True,v3/2024/Revision2/EROLLGEN/S04/WP/29/p-119_14cf4eab-8cf3-4110-8a6b-cc4c924c7ba2.pdf,2024-FC-EROLLGEN-S04-29-FinalRoll-Revision2-HIN-119-WI.pdf,tcsecidels3arc-eroll-s04-bihar
120,True,v3/2024/Revision2/EROLLGEN/S04/WP/29/p-120_b1b41603-3284-4118-94dd-a53797203647.pdf,2024-FC-EROLLGEN-S04-29-FinalRoll-Revision2-HIN-120-WI.pdf,tcsecidels3arc-eroll-s04-bihar
121,True,v3/2024/Revision2/EROLLGEN/S04/WP/29/p-121_bb6fa078-5c12-428c-b13f-8c48e4ecb7ee.pdf,2024-FC-EROLLGEN-S04-29-FinalRoll-Revision2-HIN-121-WI.pdf,tcsecidels3arc-eroll-s04-bihar
122,True,v3/2024/Revision2/EROLLGEN/S04/WP/29/p-122_0e3ec265-0e24-4178-a35b-e0f9a988b437.pdf,2024-FC-EROLLGEN-S04-29-FinalRoll-Revision2-HIN-122-WI.pdf,tcsecidels3arc-eroll-s04-bihar
123,True,v3/2024/Revision2/EROLLGEN/S04/WP/29/p-123_9cc84efa-3fae-4545-8f58-6dc35f1da5a0.pdf,2024-FC-EROLLGEN-S04-29-FinalRoll-Revision2-HIN-123-WI.pdf,tcsecidels3arc-eroll-s04-bihar
124,True,v3/2024/Revision2/EROLLGEN/S04/WP/29/p-124_03869f30-1e74-4950-ba37-9f1172d5ef33.pdf,2024-FC-EROLLGEN-S04-29-FinalRoll-Revision2-HIN-124-WI.pdf,tcsecidels3arc-eroll-s04-bihar
125,True,v3/2024/Revision2/EROLLGEN/S04/WP/29/p-125_b70818f0-2ea0-44e9-ad47-3455dfee01b0.pdf,2024-FC-EROLLGEN-S04-29-FinalRoll-Revision2-HIN-125-WI.pdf,tcsecidels3arc-eroll-s04-bihar
126,True,v3/2024/Revision2/EROLLGEN/S04/WP/29/p-126_b1389d73-d1a4-4457-8786-554b35e7e3c4.pdf,2024-FC-EROLLGEN-S04-29-FinalRoll-Revision2-HIN-126-WI.pdf,tcsecidels3arc-eroll-s04-bihar
127,True,v3/2024/Revision2/EROLLGEN/S04/WP/29/p-127_359fc99f-0eea-434d-9e06-c384cd6b66bd.pdf,2024-FC-EROLLGEN-S04-29-FinalRoll-Revision2-HIN-127-WI.pdf,tcsecidels3arc-eroll-s04-bihar
128,True,v3/2024/Revision2/EROLLGEN/S04/WP/29/p-128_90cb000b-b32a-4358-9255-5379ab269a75.pdf,2024-FC-EROLLGEN-S04-29-FinalRoll-Revision2-HIN-128-WI.pdf,tcsecidels3arc-eroll-s04-bihar
129,True,v3/2024/Revision2/EROLLGEN/S04/WP/29/p-129_31026497-ac70-474b-a04d-6a89ecb6d6c3.pdf,2024-FC-EROLLGEN-S04-29-FinalRoll-Revision2-HIN-129-WI.pdf,tcsecidels3arc-eroll-s04-bihar
130,True,v3/2024/Revision2/EROLLGEN/S04/WP/29/p-130_c8979ed8-ef4f-4fe7-8238-12f9ccd0cf8f.pdf,2024-FC-EROLLGEN-S04-29-FinalRoll-Revision2-HIN-130-WI.pdf,tcsecidels3arc-eroll-s04-bihar
131,True,v3/2024/Revision2/EROLLGEN/S04/WP/29/p-131_e5116c24-d94d-4975-81fe-0100a240409a.pdf,2024-FC-EROLLGEN-S04-29-FinalRoll-Revision2-HIN-131-WI.pdf,tcsecidels3arc-eroll-s04-bihar
132,True,v3/2024/Revision2/EROLLGEN/S04/WP/29/p-132_395b3486-e17e-4488-97df-e00ca88860e7.pdf,2024-FC-EROLLGEN-S04-29-FinalRoll-Revision2-HIN-132-WI.pdf,tcsecidels3arc-eroll-s04-bihar
133,True,v3/2024/Revision2/EROLLGEN/S04/WP/29/p-133_bd30b8c5-bce7-4a44-a524-d338724bc19b.pdf,2024-FC-EROLLGEN-S04-29-FinalRoll-Revision2-HIN-133-WI.pdf,tcsecidels3arc-eroll-s04-bihar
134,True,v3/2024/Revision2/EROLLGEN/S04/WP/29/p-134_671d47c1-3756-434b-8ff6-65deda5874c0.pdf,2024-FC-EROLLGEN-S04-29-FinalRoll-Revision2-HIN-134-WI.pdf,tcsecidels3arc-eroll-s04-bihar
135,True,v3/2024/Revision2/EROLLGEN/S04/WP/29/p-135_c2b0aef0-792f-41e6-bcaf-706ba98ae7c9.pdf,2024-FC-EROLLGEN-S04-29-FinalRoll-Revision2-HIN-135-WI.pdf,tcsecidels3arc-eroll-s04-bihar
136,True,v3/2024/Revision2/EROLLGEN/S04/WP/29/p-136_b398fe1d-106c-4d7d-ba4b-e8458d36c5a7.pdf,2024-FC-EROLLGEN-S04-29-FinalRoll-Revision2-HIN-136-WI.pdf,tcsecidels3arc-eroll-s04-bihar
137,True,v3/2024/Revision2/EROLLGEN/S04/WP/29/p-137_512364cd-1b15-4f95-9f31-07fd19d696b0.pdf,2024-FC-EROLLGEN-S04-29-FinalRoll-Revision2-HIN-137-WI.pdf,tcsecidels3arc-eroll-s04-bihar
138,True,v3/2024/Revision2/EROLLGEN/S04/WP/29/p-138_d25365bf-cfe2-4ea3-8588-5e9e59f4c265.pdf,2024-FC-EROLLGEN-S04-29-FinalRoll-Revision2-HIN-138-WI.pdf,tcsecidels3arc-eroll-s04-bihar
139,True,v3/2024/Revision2/EROLLGEN/S04/WP/29/p-139_e7280ff1-967e-484d-8977-99df30e5de12.pdf,2024-FC-EROLLGEN-S04-29-FinalRoll-Revision2-HIN-139-WI.pdf,tcsecidels3arc-eroll-s04-bihar
140,True,v3/2024/Revision2/EROLLGEN/S04/WP/29/p-140_f1052cad-1216-4d0e-9963-571e14d79e12.pdf,2024-FC-EROLLGEN-S04-29-FinalRoll-Revision2-HIN-140-WI.pdf,tcsecidels3arc-eroll-s04-bihar
141,True,v3/2024/Revision2/EROLLGEN/S04/WP/29/p-141_b9f66cf5-a597-4dd5-87ee-68402b9094d2.pdf,2024-FC-EROLLGEN-S04-29-FinalRoll-Revision2-HIN-141-WI.pdf,tcsecidels3arc-eroll-s04-bihar
142,True,v3/2024/Revision2/EROLLGEN/S04/WP/29/p-142_e7c27db8-461d-44c0-8451-27d137951277.pdf,2024-FC-EROLLGEN-S04-29-FinalRoll-Revision2-HIN-142-WI.pdf,tcsecidels3arc-eroll-s04-bihar
143,True,v3/2024/Revision2/EROLLGEN/S04/WP/29/p-143_70358cc2-8958-4fca-bd75-356338bfc464.pdf,2024-FC-EROLLGEN-S04-29-FinalRoll-Revision2-HIN-143-WI.pdf,tcsecidels3arc-eroll-s04-bihar
144,True,v3/2024/Revision2/EROLLGEN/S04/WP/29/p-144_e0cc4792-4374-4b64-96f1-0e31cd65b507.pdf,2024-FC-EROLLGEN-S04-29-FinalRoll-Revision2-HIN-144-WI.pdf,tcsecidels3arc-eroll-s04-bihar
145,True,v3/2024/Revision2/EROLLGEN/S04/WP/29/p-145_04dba0e9-e016-4728-b462-1660f9d7a0b5.pdf,2024-FC-EROLLGEN-S04-29-FinalRoll-Revision2-HIN-145-WI.pdf,tcsecidels3arc-eroll-s04-bihar
146,True,v3/2024/Revision2/EROLLGEN/S04/WP/29/p-146_59a0165a-c64b-467f-8767-7557d2bafe5c.pdf,2024-FC-EROLLGEN-S04-29-FinalRoll-Revision2-HIN-146-WI.pdf,tcsecidels3arc-eroll-s04-bihar
147,True,v3/2024/Revision2/EROLLGEN/S04/WP/29/p-147_667a4602-a133-493f-8b42-b0e42573b324.pdf,2024-FC-EROLLGEN-S04-29-FinalRoll-Revision2-HIN-147-WI.pdf,tcsecidels3arc-eroll-s04-bihar
148,True,v3/2024/Revision2/EROLLGEN/S04/WP/29/p-148_0da0e563-f439-41da-9463-a85acac46271.pdf,2024-FC-EROLLGEN-S04-29-FinalRoll-Revision2-HIN-148-WI.pdf,tcsecidels3arc-eroll-s04-bihar
149,True,v3/2024/Revision2/EROLLGEN/S04/WP/29/p-149_aa254608-5deb-41af-88f9-b42371cde3f7.pdf,2024-FC-EROLLGEN-S04-29-FinalRoll-Revision2-HIN-149-WI.pdf,tcsecidels3arc-eroll-s04-bihar
150,True,v3/2024/Revision2/EROLLGEN/S04/WP/29/p-150_64226424-68c8-4f7f-9ec4-3e0350f5fb0a.pdf,2024-FC-EROLLGEN-S04-29-FinalRoll-Revision2-HIN-150-WI.pdf,tcsecidels3arc-eroll-s04-bihar
151,True,v3/2024/Revision2/EROLLGEN/S04/WP/29/p-151_723a3d5d-fca6-4e0c-89d4-f7c94da977a0.pdf,2024-FC-EROLLGEN-S04-29-FinalRoll-Revision2-HIN-151-WI.pdf,tcsecidels3arc-eroll-s04-bihar
152,True,v3/2024/Revision2/EROLLGEN/S04/WP/29/p-152_b21c9ad9-7dd5-42db-ac0d-cef487361d46.pdf,2024-FC-EROLLGEN-S04-29-FinalRoll-Revision2-HIN-152-WI.pdf,tcsecidels3arc-eroll-s04-bihar
153,True,v3/2024/Revision2/EROLLGEN/S04/WP/29/p-153_31128560-951f-4e37-9512-57e335b3fae5.pdf,2024-FC-EROLLGEN-S04-29-FinalRoll-Revision2-HIN-153-WI.pdf,tcsecidels3arc-eroll-s04-bihar
154,True,v3/2024/Revision2/EROLLGEN/S04/WP/29/p-154_f39fa7b6-1c12-47ce-84bf-1d821c292d9f.pdf,2024-FC-EROLLGEN-S04-29-FinalRoll-Revision2-HIN-154-WI.pdf,tcsecidels3arc-eroll-s04-bihar
155,True,v3/2024/Revision2/EROLLGEN/S04/WP/29/p-155_751e88a6-5670-47f3-a93b-4f0fd8e68db6.pdf,2024-FC-EROLLGEN-S04-29-FinalRoll-Revision2-HIN-155-WI.pdf,tcsecidels3arc-eroll-s04-bihar
156,True,v3/2024/Revision2/EROLLGEN/S04/WP/29/p-156_bf4c0e6d-4946-453b-9a69-afb799f54e65.pdf,2024-FC-EROLLGEN-S04-29-FinalRoll-Revision2-HIN-156-WI.pdf,tcsecidels3arc-eroll-s04-bihar
157,True,v3/2024/Revision2/EROLLGEN/S04/WP/29/p-157_ac200ca2-9a51-4134-9923-462e9c40764c.pdf,2024-FC-EROLLGEN-S04-29-FinalRoll-Revision2-HIN-157-WI.pdf,tcsecidels3arc-eroll-s04-bihar
158,True,v3/2024/Revision2/EROLLGEN/S04/WP/29/p-158_8ac58858-54c6-4a94-9b79-ffce49fdee22.pdf,2024-FC-EROLLGEN-S04-29-FinalRoll-Revision2-HIN-158-WI.pdf,tcsecidels3arc-eroll-s04-bihar
159,True,v3/2024/Revision2/EROLLGEN/S04/WP/29/p-159_429ef32e-d8ed-4f4c-8ad5-5b7890742054.pdf,2024-FC-EROLLGEN-S04-29-FinalRoll-Revision2-HIN-159-WI.pdf,tcsecidels3arc-eroll-s04-bihar
160,True,v3/2024/Revision2/EROLLGEN/S04/WP/29/p-160_f84b9040-5186-4514-a8d5-6de04f27965e.pdf,2024-FC-EROLLGEN-S04-29-FinalRoll-Revision2-HIN-160-WI.pdf,tcsecidels3arc-eroll-s04-bihar
161,True,v3/2024/Revision2/EROLLGEN/S04/WP/29/p-161_49359c6f-0b4a-49f6-ada2-f1317fe59ab4.pdf,2024-FC-EROLLGEN-S04-29-FinalRoll-Revision2-HIN-161-WI.pdf,tcsecidels3arc-eroll-s04-bihar
162,True,v3/2024/Revision2/EROLLGEN/S04/WP/29/p-162_b4f228fb-f848-4bb9-bdb5-b2a673a6ba9c.pdf,2024-FC-EROLLGEN-S04-29-FinalRoll-Revision2-HIN-162-WI.pdf,tcsecidels3arc-eroll-s04-bihar
163,True,v3/2024/Revision2/EROLLGEN/S04/WP/29/p-163_b195d31e-049c-497b-b9e8-2fc84885752d.pdf,2024-FC-EROLLGEN-S04-29-FinalRoll-Revision2-HIN-163-WI.pdf,tcsecidels3arc-eroll-s04-bihar
164,True,v3/2024/Revision2/EROLLGEN/S04/WP/29/p-164_2d4fb512-2051-4dbf-9604-57de52b78f02.pdf,2024-FC-EROLLGEN-S04-29-FinalRoll-Revision2-HIN-164-WI.pdf,tcsecidels3arc-eroll-s04-bihar
165,True,v3/2024/Revision2/EROLLGEN/S04/WP/29/p-165_786fe3b3-67e7-4a6d-98ed-8a9382bc1cc4.pdf,2024-FC-EROLLGEN-S04-29-FinalRoll-Revision2-HIN-165-WI.pdf,tcsecidels3arc-eroll-s04-bihar
166,True,v3/2024/Revision2/EROLLGEN/S04/WP/29/p-166_6818b7e7-38fe-43a4-97b9-72bdfb8aafef.pdf,2024-FC-EROLLGEN-S04-29-FinalRoll-Revision2-HIN-166-WI.pdf,tcsecidels3arc-eroll-s04-bihar
167,True,v3/2024/Revision2/EROLLGEN/S04/WP/29/p-167_b0fcabde-2748-498d-91c2-682a863555b5.pdf,2024-FC-EROLLGEN-S04-29-FinalRoll-Revision2-HIN-167-WI.pdf,tcsecidels3arc-eroll-s04-bihar
168,True,v3/2024/Revision2/EROLLGEN/S04/WP/29/p-168_e47fb471-563a-4b09-988c-3dea2077d5b2.pdf,2024-FC-EROLLGEN-S04-29-FinalRoll-Revision2-HIN-168-WI.pdf,tcsecidels3arc-eroll-s04-bihar
169,True,v3/2024/Revision2/EROLLGEN/S04/WP/29/p-169_87ec377e-0a04-4751-96b3-8be1b315dbde.pdf,2024-FC-EROLLGEN-S04-29-FinalRoll-Revision2-HIN-169-WI.pdf,tcsecidels3arc-eroll-s04-bihar
170,True,v3/2024/Revision2/EROLLGEN/S04/WP/29/p-170_250de74b-365b-465f-a5aa-23df94e7ffd9.pdf,2024-FC-EROLLGEN-S04-29-FinalRoll-Revision2-HIN-170-WI.pdf,tcsecidels3arc-eroll-s04-bihar
171,True,v3/2024/Revision2/EROLLGEN/S04/WP/29/p-171_59acbde5-7887-46f4-afbe-61316fe5e4a5.pdf,2024-FC-EROLLGEN-S04-29-FinalRoll-Revision2-HIN-171-WI.pdf,tcsecidels3arc-eroll-s04-bihar
172,True,v3/2024/Revision2/EROLLGEN/S04/WP/29/p-172_1c1153ce-a682-4b9e-9b9c-8f27dd354e85.pdf,2024-FC-EROLLGEN-S04-29-FinalRoll-Revision2-HIN-172-WI.pdf,tcsecidels3arc-eroll-s04-bihar
173,True,v3/2024/Revision2/EROLLGEN/S04/WP/29/p-173_ef089ef0-0dcc-4be8-a427-9f3ce86a1f24.pdf,2024-FC-EROLLGEN-S04-29-FinalRoll-Revision2-HIN-173-WI.pdf,tcsecidels3arc-eroll-s04-bihar
174,True,v3/2024/Revision2/EROLLGEN/S04/WP/29/p-174_25f0cec1-f909-49fc-aafa-a86721d19801.pdf,2024-FC-EROLLGEN-S04-29-FinalRoll-Revision2-HIN-174-WI.pdf,tcsecidels3arc-eroll-s04-bihar
175,True,v3/2024/Revision2/EROLLGEN/S04/WP/29/p-175_03276be7-a247-4381-a6c5-528750c6eb50.pdf,2024-FC-EROLLGEN-S04-29-FinalRoll-Revision2-HIN-175-WI.pdf,tcsecidels3arc-eroll-s04-bihar
176,True,v3/2024/Revision2/EROLLGEN/S04/WP/29/p-176_f6e33e3a-0d4e-44b2-a223-6af4c21ad098.pdf,2024-FC-EROLLGEN-S04-29-FinalRoll-Revision2-HIN-176-WI.pdf,tcsecidels3arc-eroll-s04-bihar
177,True,v3/2024/Revision2/EROLLGEN/S04/WP/29/p-177_9d3bd07d-6db2-4f65-beee-e9b89828c748.pdf,2024-FC-EROLLGEN-S04-29-FinalRoll-Revision2-HIN-177-WI.pdf,tcsecidels3arc-eroll-s04-bihar
178,True,v3/2024/Revision2/EROLLGEN/S04/WP/29/p-178_e6ec0b51-02a9-4013-a3b5-4989abd4eff6.pdf,2024-FC-EROLLGEN-S04-29-FinalRoll-Revision2-HIN-178-WI.pdf,tcsecidels3arc-eroll-s04-bihar
179,True,v3/2024/Revision2/EROLLGEN/S04/WP/29/p-179_d0306e20-4bca-4c9a-afba-3209e846a823.pdf,2024-FC-EROLLGEN-S04-29-FinalRoll-Revision2-HIN-179-WI.pdf,tcsecidels3arc-eroll-s04-bihar
180,True,v3/2024/Revision2/EROLLGEN/S04/WP/29/p-180_4117940c-39fe-4a1a-a703-7f702468a6de.pdf,2024-FC-EROLLGEN-S04-29-FinalRoll-Revision2-HIN-180-WI.pdf,tcsecidels3arc-eroll-s04-bihar
181,True,v3/2024/Revision2/EROLLGEN/S04/WP/29/p-181_146628b0-e1c4-4904-8d2a-62b8f160470a.pdf,2024-FC-EROLLGEN-S04-29-FinalRoll-Revision2-HIN-181-WI.pdf,tcsecidels3arc-eroll-s04-bihar
182,True,v3/2024/Revision2/EROLLGEN/S04/WP/29/p-182_eba26dd7-9b20-4dba-8325-15aa9a4040be.pdf,2024-FC-EROLLGEN-S04-29-FinalRoll-Revision2-HIN-182-WI.pdf,tcsecidels3arc-eroll-s04-bihar
183,True,v3/2024/Revision2/EROLLGEN/S04/WP/29/p-183_4bfcf9e6-b90a-42e0-a2d1-20452752f4db.pdf,2024-FC-EROLLGEN-S04-29-FinalRoll-Revision2-HIN-183-WI.pdf,tcsecidels3arc-eroll-s04-bihar
184,True,v3/2024/Revision2/EROLLGEN/S04/WP/29/p-184_a8540f87-81bd-4165-9791-4752d92c84c6.pdf,2024-FC-EROLLGEN-S04-29-FinalRoll-Revision2-HIN-184-WI.pdf,tcsecidels3arc-eroll-s04-bihar
185,True,v3/2024/Revision2/EROLLGEN/S04/WP/29/p-185_28278d95-38ab-47db-a9be-c32e900b93b6.pdf,2024-FC-EROLLGEN-S04-29-FinalRoll-Revision2-HIN-185-WI.pdf,tcsecidels3arc-eroll-s04-bihar
186,True,v3/2024/Revision2/EROLLGEN/S04/WP/29/p-186_79edfc97-6b2d-42ff-bc35-2a4af4bdfd2b.pdf,2024-FC-EROLLGEN-S04-29-FinalRoll-Revision2-HIN-186-WI.pdf,tcsecidels3arc-eroll-s04-bihar
187,True,v3/2024/Revision2/EROLLGEN/S04/WP/29/p-187_05fe9dcf-827e-4573-99fb-099cd7c31099.pdf,2024-FC-EROLLGEN-S04-29-FinalRoll-Revision2-HIN-187-WI.pdf,tcsecidels3arc-eroll-s04-bihar
188,True,v3/2024/Revision2/EROLLGEN/S04/WP/29/p-188_d96ac968-2a5e-44c6-84c5-601b264a0aef.pdf,2024-FC-EROLLGEN-S04-29-FinalRoll-Revision2-HIN-188-WI.pdf,tcsecidels3arc-eroll-s04-bihar
189,True,v3/2024/Revision2/EROLLGEN/S04/WP/29/p-189_723e5b51-a8b3-43b4-8e80-2f0c5b3912b0.pdf,2024-FC-EROLLGEN-S04-29-FinalRoll-Revision2-HIN-189-WI.pdf,tcsecidels3arc-eroll-s04-bihar
190,True,v3/2024/Revision2/EROLLGEN/S04/WP/29/p-190_6e344002-8c3c-4b46-958a-4990479b5962.pdf,2024-FC-EROLLGEN-S04-29-FinalRoll-Revision2-HIN-190-WI.pdf,tcsecidels3arc-eroll-s04-bihar
191,True,v3/2024/Revision2/EROLLGEN/S04/WP/29/p-191_0593ec3b-cd26-48fb-9857-60ab7533b996.pdf,2024-FC-EROLLGEN-S04-29-FinalRoll-Revision2-HIN-191-WI.pdf,tcsecidels3arc-eroll-s04-bihar
192,True,v3/2024/Revision2/EROLLGEN/S04/WP/29/p-192_b08c8c13-d61d-4d85-90e7-ee83b9bfe8b0.pdf,2024-FC-EROLLGEN-S04-29-FinalRoll-Revision2-HIN-192-WI.pdf,tcsecidels3arc-eroll-s04-bihar
193,True,v3/2024/Revision2/EROLLGEN/S04/WP/29/p-193_5e57cca9-1518-419c-a7f3-dfd803c1690e.pdf,2024-FC-EROLLGEN-S04-29-FinalRoll-Revision2-HIN-193-WI.pdf,tcsecidels3arc-eroll-s04-bihar
194,True,v3/2024/Revision2/EROLLGEN/S04/WP/29/p-194_2cc0cbd1-556e-4ee7-a9a1-3eec3b7886d2.pdf,2024-FC-EROLLGEN-S04-29-FinalRoll-Revision2-HIN-194-WI.pdf,tcsecidels3arc-eroll-s04-bihar
195,True,v3/2024/Revision2/EROLLGEN/S04/WP/29/p-195_ef72aeb0-2a95-492d-b7b3-8d4732c6039a.pdf,2024-FC-EROLLGEN-S04-29-FinalRoll-Revision2-HIN-195-WI.pdf,tcsecidels3arc-eroll-s04-bihar
196,True,v3/2024/Revision2/EROLLGEN/S04/WP/29/p-196_ac099ba4-d046-474f-9370-63764011570c.pdf,2024-FC-EROLLGEN-S04-29-FinalRoll-Revision2-HIN-196-WI.pdf,tcsecidels3arc-eroll-s04-bihar
197,True,v3/2024/Revision2/EROLLGEN/S04/WP/29/p-197_fd74530c-a62e-47e4-856b-0e14595366f6.pdf,2024-FC-EROLLGEN-S04-29-FinalRoll-Revision2-HIN-197-WI.pdf,tcsecidels3arc-eroll-s04-bihar
198,True,v3/2024/Revision2/EROLLGEN/S04/WP/29/p-198_373afbe8-841f-4438-8b89-2d7a46eb1f2e.pdf,2024-FC-EROLLGEN-S04-29-FinalRoll-Revision2-HIN-198-WI.pdf,tcsecidels3arc-eroll-s04-bihar
199,True,v3/2024/Revision2/EROLLGEN/S04/WP/29/p-199_62a01553-5f1a-4c39-ac2e-cf598e22e032.pdf,2024-FC-EROLLGEN-S04-29-FinalRoll-Revision2-HIN-199-WI.pdf,tcsecidels3arc-eroll-s04-bihar
200,True,v3/2024/Revision2/EROLLGEN/S04/WP/29/p-200_481fbd1a-98f6-4db7-80b1-d8f8e9247c87.pdf,2024-FC-EROLLGEN-S04-29-FinalRoll-Revision2-HIN-200-WI.pdf,tcsecidels3arc-eroll-s04-bihar
201,True,v3/2024/Revision2/EROLLGEN/S04/WP/29/p-201_5c294a38-a35b-412a-b730-391e9356c78c.pdf,2024-FC-EROLLGEN-S04-29-FinalRoll-Revision2-HIN-201-WI.pdf,tcsecidels3arc-eroll-s04-bihar
202,True,v3/2024/Revision2/EROLLGEN/S04/WP/29/p-202_3a76711f-cf89-4e55-a844-5ea30f877303.pdf,2024-FC-EROLLGEN-S04-29-FinalRoll-Revision2-HIN-202-WI.pdf,tcsecidels3arc-eroll-s04-bihar
203,True,v3/2024/Revision2/EROLLGEN/S04/WP/29/p-203_afe47268-fe28-4161-bf1d-addf2212a279.pdf,2024-FC-EROLLGEN-S04-29-FinalRoll-Revision2-HIN-203-WI.pdf,tcsecidels3arc-eroll-s04-bihar
204,True,v3/2024/Revision2/EROLLGEN/S04/WP/29/p-204_37ab0167-7d9d-42a2-80c5-a098fb85684b.pdf,2024-FC-EROLLGEN-S04-29-FinalRoll-Revision2-HIN-204-WI.pdf,tcsecidels3arc-eroll-s04-bihar
205,True,v3/2024/Revision2/EROLLGEN/S04/WP/29/p-205_a4a773bf-da82-4e1f-a864-7d72016d5ad6.pdf,2024-FC-EROLLGEN-S04-29-FinalRoll-Revision2-HIN-205-WI.pdf,tcsecidels3arc-eroll-s04-bihar
206,True,v3/2024/Revision2/EROLLGEN/S04/WP/29/p-206_9c95ef48-0359-4172-a285-1e83395baba9.pdf,2024-FC-EROLLGEN-S04-29-FinalRoll-Revision2-HIN-206-WI.pdf,tcsecidels3arc-eroll-s04-bihar
207,True,v3/2024/Revision2/EROLLGEN/S04/WP/29/p-207_e5c2081b-ac21-4d25-a8ca-0b7f7c396432.pdf,2024-FC-EROLLGEN-S04-29-FinalRoll-Revision2-HIN-207-WI.pdf,tcsecidels3arc-eroll-s04-bihar
208,True,v3/2024/Revision2/EROLLGEN/S04/WP/29/p-208_0cf55327-2f85-486a-86c4-233a4a63a6cc.pdf,2024-FC-EROLLGEN-S04-29-FinalRoll-Revision2-HIN-208-WI.pdf,tcsecidels3arc-eroll-s04-bihar
209,True,v3/2024/Revision2/EROLLGEN/S04/WP/29/p-209_51f66422-4fc9-4fe3-97be-4b5eca525a09.pdf,2024-FC-EROLLGEN-S04-29-FinalRoll-Revision2-HIN-209-WI.pdf,tcsecidels3arc-eroll-s04-bihar
210,True,v3/2024/Revision2/EROLLGEN/S04/WP/29/p-210_576643fa-0c92-4b95-a03a-ab6ff787d716.pdf,2024-FC-EROLLGEN-S04-29-FinalRoll-Revision2-HIN-210-WI.pdf,tcsecidels3arc-eroll-s04-bihar
211,True,v3/2024/Revision2/EROLLGEN/S04/WP/29/p-211_86a761f3-886e-432c-aaa0-f916adfb6abd.pdf,2024-FC-EROLLGEN-S04-29-FinalRoll-Revision2-HIN-211-WI.pdf,tcsecidels3arc-eroll-s04-bihar
212,True,v3/2024/Revision2/EROLLGEN/S04/WP/29/p-212_359f7f9d-deeb-44c0-90e3-ac1d14c32b16.pdf,2024-FC-EROLLGEN-S04-29-FinalRoll-Revision2-HIN-212-WI.pdf,tcsecidels3arc-eroll-s04-bihar
213,True,v3/2024/Revision2/EROLLGEN/S04/WP/29/p-213_4dcf43fa-ae16-468a-8448-dda433bd3909.pdf,2024-FC-EROLLGEN-S04-29-FinalRoll-Revision2-HIN-213-WI.pdf,tcsecidels3arc-eroll-s04-bihar
214,True,v3/2024/Revision2/EROLLGEN/S04/WP/29/p-214_aa6b3479-8b8e-4747-a916-800ea325bbeb.pdf,2024-FC-EROLLGEN-S04-29-FinalRoll-Revision2-HIN-214-WI.pdf,tcsecidels3arc-eroll-s04-bihar
215,True,v3/2024/Revision2/EROLLGEN/S04/WP/29/p-215_66958754-a986-4afb-be99-2079f88d4de4.pdf,2024-FC-EROLLGEN-S04-29-FinalRoll-Revision2-HIN-215-WI.pdf,tcsecidels3arc-eroll-s04-bihar
216,True,v3/2024/Revision2/EROLLGEN/S04/WP/29/p-216_d5442ba3-8a5f-4cde-b514-56f5632f91db.pdf,2024-FC-EROLLGEN-S04-29-FinalRoll-Revision2-HIN-216-WI.pdf,tcsecidels3arc-eroll-s04-bihar
217,True,v3/2024/Revision2/EROLLGEN/S04/WP/29/p-217_9ae9622b-8e87-4893-8796-78a022d55dae.pdf,2024-FC-EROLLGEN-S04-29-FinalRoll-Revision2-HIN-217-WI.pdf,tcsecidels3arc-eroll-s04-bihar
218,True,v3/2024/Revision2/EROLLGEN/S04/WP/29/p-218_d7985c68-76a0-4c89-afb7-214f9c2bb7ff.pdf,2024-FC-EROLLGEN-S04-29-FinalRoll-Revision2-HIN-218-WI.pdf,tcsecidels3arc-eroll-s04-bihar
219,True,v3/2024/Revision2/EROLLGEN/S04/WP/29/p-219_043d3d9f-9794-4cd4-b20a-7b55d180506f.pdf,2024-FC-EROLLGEN-S04-29-FinalRoll-Revision2-HIN-219-WI.pdf,tcsecidels3arc-eroll-s04-bihar
220,True,v3/2024/Revision2/EROLLGEN/S04/WP/29/p-220_397b1e4a-3af3-4b5d-9258-fd1ee399a23a.pdf,2024-FC-EROLLGEN-S04-29-FinalRoll-Revision2-HIN-220-WI.pdf,tcsecidels3arc-eroll-s04-bihar
221,True,v3/2024/Revision2/EROLLGEN/S04/WP/29/p-221_6d6076a3-4a22-4382-bc04-6fad36db2ed9.pdf,2024-FC-EROLLGEN-S04-29-FinalRoll-Revision2-HIN-221-WI.pdf,tcsecidels3arc-eroll-s04-bihar
222,True,v3/2024/Revision2/EROLLGEN/S04/WP/29/p-222_10024ff9-d2a2-421f-840f-5a029ec99093.pdf,2024-FC-EROLLGEN-S04-29-FinalRoll-Revision2-HIN-222-WI.pdf,tcsecidels3arc-eroll-s04-bihar
223,True,v3/2024/Revision2/EROLLGEN/S04/WP/29/p-223_2cac0da1-db51-4b25-9fca-237377e03c84.pdf,2024-FC-EROLLGEN-S04-29-FinalRoll-Revision2-HIN-223-WI.pdf,tcsecidels3arc-eroll-s04-bihar
224,True,v3/2024/Revision2/EROLLGEN/S04/WP/29/p-224_816f4fef-a7c6-4796-a0f9-f4efc05d0330.pdf,2024-FC-EROLLGEN-S04-29-FinalRoll-Revision2-HIN-224-WI.pdf,tcsecidels3arc-eroll-s04-bihar
225,True,v3/2024/Revision2/EROLLGEN/S04/WP/29/p-225_33fa17bc-2f6f-4f82-9476-c4715dfe78fc.pdf,2024-FC-EROLLGEN-S04-29-FinalRoll-Revision2-HIN-225-WI.pdf,tcsecidels3arc-eroll-s04-bihar
226,True,v3/2024/Revision2/EROLLGEN/S04/WP/29/p-226_7ccd8e43-3929-4220-9901-11bcbac4a195.pdf,2024-FC-EROLLGEN-S04-29-FinalRoll-Revision2-HIN-226-WI.pdf,tcsecidels3arc-eroll-s04-bihar
227,True,v3/2024/Revision2/EROLLGEN/S04/WP/29/p-227_335fbb71-03ad-4503-bbee-9f85c25599fd.pdf,2024-FC-EROLLGEN-S04-29-FinalRoll-Revision2-HIN-227-WI.pdf,tcsecidels3arc-eroll-s04-bihar
228,True,v3/2024/Revision2/EROLLGEN/S04/WP/29/p-228_ece23206-f284-4c6e-870e-161fa31f7316.pdf,2024-FC-EROLLGEN-S04-29-FinalRoll-Revision2-HIN-228-WI.pdf,tcsecidels3arc-eroll-s04-bihar
229,True,v3/2024/Revision2/EROLLGEN/S04/WP/29/p-229_975bbda3-2d86-412c-a20c-7e678f4ecbb1.pdf,2024-FC-EROLLGEN-S04-29-FinalRoll-Revision2-HIN-229-WI.pdf,tcsecidels3arc-eroll-s04-bihar
230,True,v3/2024/Revision2/EROLLGEN/S04/WP/29/p-230_1e4149e3-84a4-4b5c-94fb-d1b8b0ce3836.pdf,2024-FC-EROLLGEN-S04-29-FinalRoll-Revision2-HIN-230-WI.pdf,tcsecidels3arc-eroll-s04-bihar
231,True,v3/2024/Revision2/EROLLGEN/S04/WP/29/p-231_b1828c18-46b9-4668-bfc9-1556acc495e8.pdf,2024-FC-EROLLGEN-S04-29-FinalRoll-Revision2-HIN-231-WI.pdf,tcsecidels3arc-eroll-s04-bihar
232,True,v3/2024/Revision2/EROLLGEN/S04/WP/29/p-232_92608f3e-cfb5-4538-9a69-e7704f6441fc.pdf,2024-FC-EROLLGEN-S04-29-FinalRoll-Revision2-HIN-232-WI.pdf,tcsecidels3arc-eroll-s04-bihar
233,True,v3/2024/Revision2/EROLLGEN/S04/WP/29/p-233_6d6d39d9-62cc-422e-b5d3-1d033fea4e4e.pdf,2024-FC-EROLLGEN-S04-29-FinalRoll-Revision2-HIN-233-WI.pdf,tcsecidels3arc-eroll-s04-bihar
234,True,v3/2024/Revision2/EROLLGEN/S04/WP/29/p-234_35632587-ac45-42be-93db-e24e5e3354bc.pdf,2024-FC-EROLLGEN-S04-29-FinalRoll-Revision2-HIN-234-WI.pdf,tcsecidels3arc-eroll-s04-bihar
235,True,v3/2024/Revision2/EROLLGEN/S04/WP/29/p-235_5a749992-900b-4c29-bde7-4506a5bada81.pdf,2024-FC-EROLLGEN-S04-29-FinalRoll-Revision2-HIN-235-WI.pdf,tcsecidels3arc-eroll-s04-bihar
236,True,v3/2024/Revision2/EROLLGEN/S04/WP/29/p-236_f7ddf4be-3d9b-4e24-a0a3-8f3bbf4ad54d.pdf,2024-FC-EROLLGEN-S04-29-FinalRoll-Revision2-HIN-236-WI.pdf,tcsecidels3arc-eroll-s04-bihar
237,True,v3/2024/Revision2/EROLLGEN/S04/WP/29/p-237_6b541482-83d5-4d15-9603-479ab4f13590.pdf,2024-FC-EROLLGEN-S04-29-FinalRoll-Revision2-HIN-237-WI.pdf,tcsecidels3arc-eroll-s04-bihar
238,True,v3/2024/Revision2/EROLLGEN/S04/WP/29/p-238_c67b676d-fed9-436a-badd-4a174a95c727.pdf,2024-FC-EROLLGEN-S04-29-FinalRoll-Revision2-HIN-238-WI.pdf,tcsecidels3arc-eroll-s04-bihar
239,True,v3/2024/Revision2/EROLLGEN/S04/WP/29/p-239_cd067cdf-7c87-40ed-8827-77044adf944c.pdf,2024-FC-EROLLGEN-S04-29-FinalRoll-Revision2-HIN-239-WI.pdf,tcsecidels3arc-eroll-s04-bihar
240,True,v3/2024/Revision2/EROLLGEN/S04/WP/29/p-240_7261efd5-72a0-4a63-b997-d05d2ef85af2.pdf,2024-FC-EROLLGEN-S04-29-FinalRoll-Revision2-HIN-240-WI.pdf,tcsecidels3arc-eroll-s04-bihar
241,True,v3/2024/Revision2/EROLLGEN/S04/WP/29/p-241_793ad048-5408-442d-bc79-4f40a16aeadc.pdf,2024-FC-EROLLGEN-S04-29-FinalRoll-Revision2-HIN-241-WI.pdf,tcsecidels3arc-eroll-s04-bihar
242,True,v3/2024/Revision2/EROLLGEN/S04/WP/29/p-242_17be1d21-4530-4eda-b2d2-70c8c12cf369.pdf,2024-FC-EROLLGEN-S04-29-FinalRoll-Revision2-HIN-242-WI.pdf,tcsecidels3arc-eroll-s04-bihar
243,True,v3/2024/Revision2/EROLLGEN/S04/WP/29/p-243_3219c5c0-eca0-4999-9660-3c8a8d2be4e1.pdf,2024-FC-EROLLGEN-S04-29-FinalRoll-Revision2-HIN-243-WI.pdf,tcsecidels3arc-eroll-s04-bihar
244,True,v3/2024/Revision2/EROLLGEN/S04/WP/29/p-244_0c2cc3f1-3a8e-4a03-8fda-a606cda9931d.pdf,2024-FC-EROLLGEN-S04-29-FinalRoll-Revision2-HIN-244-WI.pdf,tcsecidels3arc-eroll-s04-bihar
245,True,v3/2024/Revision2/EROLLGEN/S04/WP/29/p-245_0087346e-a842-454c-a370-135517e63c9b.pdf,2024-FC-EROLLGEN-S04-29-FinalRoll-Revision2-HIN-245-WI.pdf,tcsecidels3arc-eroll-s04-bihar
246,True,v3/2024/Revision2/EROLLGEN/S04/WP/29/p-246_1b1a0ee5-0756-4048-8193-41662deb1af0.pdf,2024-FC-EROLLGEN-S04-29-FinalRoll-Revision2-HIN-246-WI.pdf,tcsecidels3arc-eroll-s04-bihar
247,True,v3/2024/Revision2/EROLLGEN/S04/WP/29/p-247_bbaef4b3-dbcb-4eb9-b6b1-c03ee742db33.pdf,2024-FC-EROLLGEN-S04-29-FinalRoll-Revision2-HIN-247-WI.pdf,tcsecidels3arc-eroll-s04-bihar
248,True,v3/2024/Revision2/EROLLGEN/S04/WP/29/p-248_8c9e8178-ecc6-4cfc-ae03-5cba16aa17db.pdf,2024-FC-EROLLGEN-S04-29-FinalRoll-Revision2-HIN-248-WI.pdf,tcsecidels3arc-eroll-s04-bihar
249,True,v3/2024/Revision2/EROLLGEN/S04/WP/29/p-249_cc098773-91e7-4762-8263-1694e46b1a64.pdf,2024-FC-EROLLGEN-S04-29-FinalRoll-Revision2-HIN-249-WI.pdf,tcsecidels3arc-eroll-s04-bihar
250,True,v3/2024/Revision2/EROLLGEN/S04/WP/29/p-250_9fd8641e-f1ee-42b3-aab7-98d14c07532b.pdf,2024-FC-EROLLGEN-S04-29-FinalRoll-Revision2-HIN-250-WI.pdf,tcsecidels3arc-eroll-s04-bihar
251,True,v3/2024/Revision2/EROLLGEN/S04/WP/29/p-251_cbcc0188-70ca-4b1b-b4f7-6f898e2778f2.pdf,2024-FC-EROLLGEN-S04-29-FinalRoll-Revision2-HIN-251-WI.pdf,tcsecidels3arc-eroll-s04-bihar
252,True,v3/2024/Revision2/EROLLGEN/S04/WP/29/p-252_d5bd84dd-e97f-4ed0-9705-f5fd6a8cd2cc.pdf,2024-FC-EROLLGEN-S04-29-FinalRoll-Revision2-HIN-252-WI.pdf,tcsecidels3arc-eroll-s04-bihar
253,True,v3/2024/Revision2/EROLLGEN/S04/WP/29/p-253_095b1c0f-2d6c-4827-8854-575ddbd5d5cb.pdf,2024-FC-EROLLGEN-S04-29-FinalRoll-Revision2-HIN-253-WI.pdf,tcsecidels3arc-eroll-s04-bihar
254,True,v3/2024/Revision2/EROLLGEN/S04/WP/29/p-254_b2ab330a-e91b-4424-9113-c05f294df6b4.pdf,2024-FC-EROLLGEN-S04-29-FinalRoll-Revision2-HIN-254-WI.pdf,tcsecidels3arc-eroll-s04-bihar
255,True,v3/2024/Revision2/EROLLGEN/S04/WP/29/p-255_569a3792-b016-43d4-9c2a-578978276ba0.pdf,2024-FC-EROLLGEN-S04-29-FinalRoll-Revision2-HIN-255-WI.pdf,tcsecidels3arc-eroll-s04-bihar
256,True,v3/2024/Revision2/EROLLGEN/S04/WP/29/p-256_0cd427e3-3453-42ad-a24c-ed9be2ba5b1e.pdf,2024-FC-EROLLGEN-S04-29-FinalRoll-Revision2-HIN-256-WI.pdf,tcsecidels3arc-eroll-s04-bihar
257,True,v3/2024/Revision2/EROLLGEN/S04/WP/29/p-257_101f9da1-b5cc-4e0f-9bae-5e19a6add11f.pdf,2024-FC-EROLLGEN-S04-29-FinalRoll-Revision2-HIN-257-WI.pdf,tcsecidels3arc-eroll-s04-bihar
258,True,v3/2024/Revision2/EROLLGEN/S04/WP/29/p-258_4bc4ca6f-0b7f-490c-88a4-e99fdb60126f.pdf,2024-FC-EROLLGEN-S04-29-FinalRoll-Revision2-HIN-258-WI.pdf,tcsecidels3arc-eroll-s04-bihar
259,True,v3/2024/Revision2/EROLLGEN/S04/WP/29/p-259_3cc85b00-66dc-42e0-bf55-aff5daf3e5b1.pdf,2024-FC-EROLLGEN-S04-29-FinalRoll-Revision2-HIN-259-WI.pdf,tcsecidels3arc-eroll-s04-bihar
260,True,v3/2024/Revision2/EROLLGEN/S04/WP/29/p-260_7005e49d-7de6-4a25-aa74-4a8b3824f63a.pdf,2024-FC-EROLLGEN-S04-29-FinalRoll-Revision2-HIN-260-WI.pdf,tcsecidels3arc-eroll-s04-bihar
261,True,v3/2024/Revision2/EROLLGEN/S04/WP/29/p-261_f2fb843d-3236-4412-9ed0-7a087bed136b.pdf,2024-FC-EROLLGEN-S04-29-FinalRoll-Revision2-HIN-261-WI.pdf,tcsecidels3arc-eroll-s04-bihar
262,True,v3/2024/Revision2/EROLLGEN/S04/WP/29/p-262_4f3e2b4b-58d5-47d4-b03b-4c94b4162b5f.pdf,2024-FC-EROLLGEN-S04-29-FinalRoll-Revision2-HIN-262-WI.pdf,tcsecidels3arc-eroll-s04-bihar
263,True,v3/2024/Revision2/EROLLGEN/S04/WP/29/p-263_29ca2417-6436-4129-99fe-fe9a4c531c49.pdf,2024-FC-EROLLGEN-S04-29-FinalRoll-Revision2-HIN-263-WI.pdf,tcsecidels3arc-eroll-s04-bihar
264,True,v3/2024/Revision2/EROLLGEN/S04/WP/29/p-264_cff906af-90ec-4ae4-8f47-2b0c0adba20d.pdf,2024-FC-EROLLGEN-S04-29-FinalRoll-Revision2-HIN-264-WI.pdf,tcsecidels3arc-eroll-s04-bihar
265,True,v3/2024/Revision2/EROLLGEN/S04/WP/29/p-265_54f676dd-142c-48bc-a6e2-7e38d340787d.pdf,2024-FC-EROLLGEN-S04-29-FinalRoll-Revision2-HIN-265-WI.pdf,tcsecidels3arc-eroll-s04-bihar
266,True,v3/2024/Revision2/EROLLGEN/S04/WP/29/p-266_0e8e2b31-db33-42ea-9782-7b10ae790cea.pdf,2024-FC-EROLLGEN-S04-29-FinalRoll-Revision2-HIN-266-WI.pdf,tcsecidels3arc-eroll-s04-bihar
267,True,v3/2024/Revision2/EROLLGEN/S04/WP/29/p-267_8d539890-b752-418d-8890-ba30cd878508.pdf,2024-FC-EROLLGEN-S04-29-FinalRoll-Revision2-HIN-267-WI.pdf,tcsecidels3arc-eroll-s04-bihar
268,True,v3/2024/Revision2/EROLLGEN/S04/WP/29/p-268_270b0989-8525-42b9-a7c1-448a62f7533d.pdf,2024-FC-EROLLGEN-S04-29-FinalRoll-Revision2-HIN-268-WI.pdf,tcsecidels3arc-eroll-s04-bihar
269,True,v3/2024/Revision2/EROLLGEN/S04/WP/29/p-269_e179cfe0-cfd4-4ea0-951d-913b9ecc6137.pdf,2024-FC-EROLLGEN-S04-29-FinalRoll-Revision2-HIN-269-WI.pdf,tcsecidels3arc-eroll-s04-bihar
270,True,v3/2024/Revision2/EROLLGEN/S04/WP/29/p-270_82535d3a-78e5-41b3-b08e-c97e14ef10ce.pdf,2024-FC-EROLLGEN-S04-29-FinalRoll-Revision2-HIN-270-WI.pdf,tcsecidels3arc-eroll-s04-bihar
271,True,v3/2024/Revision2/EROLLGEN/S04/WP/29/p-271_c2b51415-6e00-49f4-ad85-f9d47960ba00.pdf,2024-FC-EROLLGEN-S04-29-FinalRoll-Revision2-HIN-271-WI.pdf,tcsecidels3arc-eroll-s04-bihar
272,True,v3/2024/Revision2/EROLLGEN/S04/WP/29/p-272_a00c50eb-3aad-4984-b63a-e69ef3481dfd.pdf,2024-FC-EROLLGEN-S04-29-FinalRoll-Revision2-HIN-272-WI.pdf,tcsecidels3arc-eroll-s04-bihar
273,True,v3/2024/Revision2/EROLLGEN/S04/WP/29/p-273_cae6284f-e7ce-479a-af6c-202a5e2a140f.pdf,2024-FC-EROLLGEN-S04-29-FinalRoll-Revision2-HIN-273-WI.pdf,tcsecidels3arc-eroll-s04-bihar
274,True,v3/2024/Revision2/EROLLGEN/S04/WP/29/p-274_b3b8f5f3-8c9d-4e25-8586-2a19d8b08fad.pdf,2024-FC-EROLLGEN-S04-29-FinalRoll-Revision2-HIN-274-WI.pdf,tcsecidels3arc-eroll-s04-bihar
275,True,v3/2024/Revision2/EROLLGEN/S04/WP/29/p-275_476a0180-9efa-4130-a08c-8c6f1791cfaa.pdf,2024-FC-EROLLGEN-S04-29-FinalRoll-Revision2-HIN-275-WI.pdf,tcsecidels3arc-eroll-s04-bihar
276,True,v3/2024/Revision2/EROLLGEN/S04/WP/29/p-276_7d26712a-f58e-4139-b127-38cf2ad7ede2.pdf,2024-FC-EROLLGEN-S04-29-FinalRoll-Revision2-HIN-276-WI.pdf,tcsecidels3arc-eroll-s04-bihar
277,True,v3/2024/Revision2/EROLLGEN/S04/WP/29/p-277_fd92d9c7-01c7-4051-b027-65e6e068dfd5.pdf,2024-FC-EROLLGEN-S04-29-FinalRoll-Revision2-HIN-277-WI.pdf,tcsecidels3arc-eroll-s04-bihar
278,True,v3/2024/Revision2/EROLLGEN/S04/WP/29/p-278_833b9097-4550-49eb-898b-6e821f9618d8.pdf,2024-FC-EROLLGEN-S04-29-FinalRoll-Revision2-HIN-278-WI.pdf,tcsecidels3arc-eroll-s04-bihar
279,True,v3/2024/Revision2/EROLLGEN/S04/WP/29/p-279_74604ca6-493c-42dd-9683-173cdd83f3ae.pdf,2024-FC-EROLLGEN-S04-29-FinalRoll-Revision2-HIN-279-WI.pdf,tcsecidels3arc-eroll-s04-bihar
280,True,v3/2024/Revision2/EROLLGEN/S04/WP/29/p-280_c4a25d8c-dbe1-4624-9bf7-c05be553d10d.pdf,2024-FC-EROLLGEN-S04-29-FinalRoll-Revision2-HIN-280-WI.pdf,tcsecidels3arc-eroll-s04-bihar
281,True,v3/2024/Revision2/EROLLGEN/S04/WP/29/p-281_ecd151b5-3a6d-4c64-9ef2-0235cd9742ac.pdf,2024-FC-EROLLGEN-S04-29-FinalRoll-Revision2-HIN-281-WI.pdf,tcsecidels3arc-eroll-s04-bihar
282,True,v3/2024/Revision2/EROLLGEN/S04/WP/29/p-282_a690be15-a329-4922-8b90-00971d68c414.pdf,2024-FC-EROLLGEN-S04-29-FinalRoll-Revision2-HIN-282-WI.pdf,tcsecidels3arc-eroll-s04-bihar
283,True,v3/2024/Revision2/EROLLGEN/S04/WP/29/p-283_a52277c5-91a8-4cca-9e0d-ea80b946ce17.pdf,2024-FC-EROLLGEN-S04-29-FinalRoll-Revision2-HIN-283-WI.pdf,tcsecidels3arc-eroll-s04-bihar
284,True,v3/2024/Revision2/EROLLGEN/S04/WP/29/p-284_30f80c34-aa35-4ff8-9519-a105691ed61e.pdf,2024-FC-EROLLGEN-S04-29-FinalRoll-Revision2-HIN-284-WI.pdf,tcsecidels3arc-eroll-s04-bihar
285,True,v3/2024/Revision2/EROLLGEN/S04/WP/29/p-285_b5b80302-0dac-43b9-8bc5-d67d29367ffe.pdf,2024-FC-EROLLGEN-S04-29-FinalRoll-Revision2-HIN-285-WI.pdf,tcsecidels3arc-eroll-s04-bihar
286,True,v3/2024/Revision2/EROLLGEN/S04/WP/29/p-286_18cb76a8-f423-4728-9721-90c1efa7f912.pdf,2024-FC-EROLLGEN-S04-29-FinalRoll-Revision2-HIN-286-WI.pdf,tcsecidels3arc-eroll-s04-bihar
287,True,v3/2024/Revision2/EROLLGEN/S04/WP/29/p-287_8d6391d3-3880-4886-a297-09c06603aa14.pdf,2024-FC-EROLLGEN-S04-29-FinalRoll-Revision2-HIN-287-WI.pdf,tcsecidels3arc-eroll-s04-bihar
288,True,v3/2024/Revision2/EROLLGEN/S04/WP/29/p-288_9de2af7c-bf0e-4e3e-a785-f56bf711e429.pdf,2024-FC-EROLLGEN-S04-29-FinalRoll-Revision2-HIN-288-WI.pdf,tcsecidels3arc-eroll-s04-bihar
289,True,v3/2024/Revision2/EROLLGEN/S04/WP/29/p-289_665829d8-9e92-43e0-93f2-44366353f1cd.pdf,2024-FC-EROLLGEN-S04-29-FinalRoll-Revision2-HIN-289-WI.pdf,tcsecidels3arc-eroll-s04-bihar
290,True,v3/2024/Revision2/EROLLGEN/S04/WP/29/p-290_29a378f0-1968-4a41-bddc-9cbb677087e8.pdf,2024-FC-EROLLGEN-S04-29-FinalRoll-Revision2-HIN-290-WI.pdf,tcsecidels3arc-eroll-s04-bihar
291,True,v3/2024/Revision2/EROLLGEN/S04/WP/29/p-291_37c8c3bd-dc54-48da-9473-99a3b15a01dd.pdf,2024-FC-EROLLGEN-S04-29-FinalRoll-Revision2-HIN-291-WI.pdf,tcsecidels3arc-eroll-s04-bihar
292,True,v3/2024/Revision2/EROLLGEN/S04/WP/29/p-292_ddf80638-e289-431b-be46-985feeaeb4f3.pdf,2024-FC-EROLLGEN-S04-29-FinalRoll-Revision2-HIN-292-WI.pdf,tcsecidels3arc-eroll-s04-bihar
293,True,v3/2024/Revision2/EROLLGEN/S04/WP/29/p-293_a8a18a08-6dd7-4859-a7ea-dee73479f5ee.pdf,2024-FC-EROLLGEN-S04-29-FinalRoll-Revision2-HIN-293-WI.pdf,tcsecidels3arc-eroll-s04-bihar
294,True,v3/2024/Revision2/EROLLGEN/S04/WP/29/p-294_65cac8ca-cd0b-4e15-a2b7-86c47e8436f7.pdf,2024-FC-EROLLGEN-S04-29-FinalRoll-Revision2-HIN-294-WI.pdf,tcsecidels3arc-eroll-s04-bihar
295,True,v3/2024/Revision2/EROLLGEN/S04/WP/29/p-295_b923a27f-48bc-49f5-a46d-baca1fa967e7.pdf,2024-FC-EROLLGEN-S04-29-FinalRoll-Revision2-HIN-295-WI.pdf,tcsecidels3arc-eroll-s04-bihar
296,True,v3/2024/Revision2/EROLLGEN/S04/WP/29/p-296_5b41d3a5-0be7-4205-a32d-81caeda30545.pdf,2024-FC-EROLLGEN-S04-29-FinalRoll-Revision2-HIN-296-WI.pdf,tcsecidels3arc-eroll-s04-bihar
297,True,v3/2024/Revision2/EROLLGEN/S04/WP/29/p-297_6c60558d-253b-4554-9d03-7f10fdafd713.pdf,2024-FC-EROLLGEN-S04-29-FinalRoll-Revision2-HIN-297-WI.pdf,tcsecidels3arc-eroll-s04-bihar
298,True,v3/2024/Revision2/EROLLGEN/S04/WP/29/p-298_929a976f-a6e3-466d-9e03-f92e4f94d276.pdf,2024-FC-EROLLGEN-S04-29-FinalRoll-Revision2-HIN-298-WI.pdf,tcsecidels3arc-eroll-s04-bihar
299,False,,,
300,False,,,
